MINISTÉRIO DA FAZENDA - MF;;;;;;;;;;;;;;;;;;;;;;;;;;;;;;;;;;;;;;;;;;;;;;;;;;;;;;;;;;;;;;;;;;;;;;;;;;;;;;;;;;;;;;;;;;;;;;;;;;;;;;;;;;;;;;;;;;;;;;;;;;;;;;;;;;;;;;;;;;;;;;;;;;;;;;;;;;;;;;;;;;;;;;;;;;;;;;;;;;;;;;;;;;;;;;;;;;;;;;;;;;;;;;;;;;;;;;;;;;;;;;;;;;;;;
SECRETARIA DO TESOURO NACIONAL - STN;;;;;;;;;;;;;;;;;;;;;;;;;;;;;;;;;;;;;;;;;;;;;;;;;;;;;;;;;;;;;;;;;;;;;;;;;;;;;;;;;;;;;;;;;;;;;;;;;;;;;;;;;;;;;;;;;;;;;;;;;;;;;;;;;;;;;;;;;;;;;;;;;;;;;;;;;;;;;;;;;;;;;;;;;;;;;;;;;;;;;;;;;;;;;;;;;;;;;;;;;;;;;;;;;;;;;;;;;;;;;;;;;;;;;
COORDENAÇÃO-GERAL DE ANÁLISE E INFORMAÇÕES DAS TRANSFERÊNCIAS FINANCEIRAS INTERGOVERNAMENTAIS - COINT;;;;;;;;;;;;;;;;;;;;;;;;;;;;;;;;;;;;;;;;;;;;;;;;;;;;;;;;;;;;;;;;;;;;;;;;;;;;;;;;;;;;;;;;;;;;;;;;;;;;;;;;;;;;;;;;;;;;;;;;;;;;;;;;;;;;;;;;;;;;;;;;;;;;;;;;;;;;;;;;;;;;;;;;;;;;;;;;;;;;;;;;;;;;;;;;;;;;;;;;;;;;;;;;;;;;;;;;;;;;;;;;;;;;;
;;;;;;;;;;;;;;;;;;;;;;;;;;;;;;;;;;;;;;;;;;;;;;;;;;;;;;;;;;;;;;;;;;;;;;;;;;;;;;;;;;;;;;;;;;;;;;;;;;;;;;;;;;;;;;;;;;;;;;;;;;;;;;;;;;;;;;;;;;;;;;;;;;;;;;;;;;;;;;;;;;;;;;;;;;;;;;;;;;;;;;;;;;;;;;;;;;;;;;;;;;;;;;;;;;;;;;;;;;;;;;;;;;;;;
TRANSFERÊNCIA DE CONTRIBUICOES SOBRE CONCURSOS DE PROGNOSTICOS  - DISTRIBUÍDO AOS ESTADOS E AO DISTRITO FEDERAL;;;;;;;;;;;;;;;;;;;;;;;;;;;;;;;;;;;;;;;;;;;;;;;;;;;;;;;;;;;;;;;;;;;;;;;;;;;;;;;;;;;;;;;;;;;;;;;;;;;;;;;;;;;;;;;;;;;;;;;;;;;;;;;;;;;;;;;;;;;;;;;;;;;;;;;;;;;;;;;;;;;;;;;;;;;;;;;;;;;;;;;;;;;;;;;;;;;;;;;;;;;;;;;;;;;;;;;;;;;;;;;;;;;;;
MINISTÉRIO DO ESPORTE;;;;;;;;;;;;;;;;;;;;;;;;;;;;;;;;;;;;;;;;;;;;;;;;;;;;;;;;;;;;;;;;;;;;;;;;;;;;;;;;;;;;;;;;;;;;;;;;;;;;;;;;;;;;;;;;;;;;;;;;;;;;;;;;;;;;;;;;;;;;;;;;;;;;;;;;;;;;;;;;;;;;;;;;;;;;;;;;;;;;;;;;;;;;;;;;;;;;;;;;;;;;;;;;;;;;;;;;;;;;;;;;;;;;;
;;;;;;;;;;;;;;;;;;;;;;;;;;;;;;;;;;;;;;;;;;;;;;;;;;;;;;;;;;;;;;;;;;;;;;;;;;;;;;;;;;;;;;;;;;;;;;;;;;;;;;;;;;;;;;;;;;;;;;;;;;;;;;;;;;;;;;;;;;;;;;;;;;;;;;;;;;;;;;;;;;;;;;;;;;;;;;;;;;;;;;;;;;;;;;;;;;;;;;;;;;;;;;;;;;;;;;;;;;;;;;;;;;;;;
ESTADOS;UF;janeiro/00;fevereiro/00;março/00;abril/00;maio/00;junho/00;julho/00;agosto/00;setembro/00;outubro/00;novembro/00;dezembro/00;janeiro/01;fevereiro/01;março/01;abril/01;maio/01;junho/01;julho/01;agosto/01;setembro/01;outubro/01;novembro/01;dezembro/01;janeiro/02;fevereiro/02;março/02;abril/02;maio/02;junho/02;julho/02;agosto/02;setembro/02;outubro/02;novembro/02;dezembro/02;janeiro/03;fevereiro/03;março/03;abril/03;maio/03;junho/03;julho/03;agosto/03;setembro/03;outubro/03;novembro/03;dezembro/03;janeiro/04;fevereiro/04;março/04;abril/04;maio/04;junho/04;julho/04;agosto/04;setembro/04;outubro/04;novembro/04;dezembro/04;janeiro/05;fevereiro/05;março/05;abril/05;maio/05;junho/05;julho/05;agosto/05;setembro/05;outubro/05;novembro/05;dezembro/05;janeiro/06;fevereiro/06;março/06;abril/06;maio/06;junho/06;julho/06;agosto/06;setembro/06;outubro/06;novembro/06;dezembro/06;janeiro/07;fevereiro/07;março/07;abril/07;maio/07;junho/07;julho/07;agosto/07;setembro/07;outubro/07;novembro/07;dezembro/07;janeiro/08;fevereiro/08;março/08;abril/08;maio/08;junho/08;julho/08;agosto/08;setembro/08;outubro/08;novembro/08;dezembro/08;janeiro/09;fevereiro/09;março/09;abril/09;maio/09;junho/09;julho/09;agosto/09;setembro/09;outubro/09;novembro/09;dezembro/09;janeiro/10;fevereiro/10;março/10;abril/10;maio/10;junho/10;julho/10;agosto/10;setembro/10;outubro/10;novembro/10;dezembro/10;janeiro/11;fevereiro/11;março/11;abril/11;maio/11;junho/11;julho/11;agosto/11;setembro/11;outubro/11;novembro/11;dezembro/11;janeiro/12;fevereiro/12;março/12;abril/12;maio/12;junho/12;julho/12;agosto/12;setembro/12;outubro/12;novembro/12;dezembro/12;janeiro/13;fevereiro/13;março/13;abril/13;maio/13;junho/13;julho/13;agosto/13;setembro/13;outubro/13;novembro/13;dezembro/13;janeiro/14;fevereiro/14;março/14;abril/14;maio/14;junho/14;julho/14;agosto/14;setembro/14;outubro/14;novembro/14;dezembro/14;janeiro/15;fevereiro/15;março/15;abril/15;maio/15;junho/15;julho/15;agosto/15;setembro/15;outubro/15;novembro/15;dezembro/15;janeiro/16;fevereiro/16;março/16;abril/16;maio/16;junho/16;julho/16;agosto/16;setembro/16;outubro/16;novembro/16;dezembro/16;janeiro/17;fevereiro/17;março/17;abril/17;maio/17;junho/17;julho/17;agosto/17;setembro/17;outubro/17;novembro/17;dezembro/17;janeiro/18;fevereiro/18;março/18;abril/18;maio/18;junho/18;julho/18;agosto/18;setembro/18;outubro/18;novembro/18;dezembro/18
;;;;;;;;;;;;;;;;;;;;;;;;;;;;;;;;;;;;;;;;;;;;;;;;;;;;;;;;;;;;;;;;;;;;;;;;;;;;;;;;;;;;;;;;;;;;;;;;;;;;;;;;;;;;;;;;;;;;;;;;;;;;;;;;;;;;;;;;;;;;;;;;;;;;;;;;;;;;;;;;;;;;;;;;;;;;;;;;;;;;;;;;;;;;;;;;;;;;;;;;;;;;;;;;;;;;;;;;;;;;;;;;;;;;;
Acre;AC;0,00;0,00;3.074,86;3.980,95;3.121,05;2.460,72;2.723,17;18.825,14;3.325,95;2.760,70;3.217,23;7.189,64;1.064,01;2.969,03;2.985,54;5.209,68;3.175,02;3.655,79;3.180,05;3.748,67;3.262,46;3.547,05;3.354,77;4.955,36;2.362,10;3.737,89;3.118,67;4.172,32;4.239,95;4.420,54;4.421,00;4.749,70;4.749,76;2.844,05;4.513,27;4.383,88;4.414,18;3.836,17;4.042,75;3.726,00;6.858,59;5.723,05;4.026,81;5.942,99;4.850,33;4.771,03;4.530,04;5.114,86;10.416,75;5.790,02;4.150,60;4.636,90;5.591,13;7.659,97;10.752,80;5.661,33;5.710,34;0,00;5.603,52;16.821,04;4.653,25;5.146,40;5.341,87;6.093,59;6.092,89;7.619,50;7.717,56;10.300,75;7.682,95;5.103,66;6.791,44;5.815,11;6.579,06;5.460,74;5.634,18;6.103,75;6.409,24;8.588,38;5.165,93;5.544,47;4.540,07;5.933,53;5.740,90;10.594,22;0,00;0,00;5.994,79;7.787,72;6.160,53;6.890,47;7.407,78;7.292,96;10.268,80;9.456,96;8.273,05;10.144,79;0,00;6.167,32;15.299,03;8.695,72;7.267,16;7.629,01;44.432,64; 18.397,59 ;17.316,55;14.204,49;13.257,00;13.932,18;12.930,98;11.514,70;8.395,41;8.352,15;11.739,50;11.081,24;13.641,75;16.443,44;13.782,08;11.591,70;11.822,77;9.955,23; ;15.168,55;18.177,46;17.413,90;18.311,45;17.421,94;15.932,06;19.492,75;22.460,84;30.767,15;24.770,42;18.048,64;0,00;17.754,14;21.582,07;21.213,79;25.164,06;19.810,94;27.665,32;24.113,95;31.460,66;0,00;44.728,23;24.122,68;0,00;20.089,03;21.421,06;24.345,71;19.798,37;22.040,04;28.284,66;32.544,71;43.374,02;47.548,34;30.246,32;27.711,46;39.401,39;22.749,70;20.939,05;29.190,35;37.234,11;42.852,14;29.670,32;29.177,30;28.788,58;27.418,37;30.048,68;29.098,76; -   ; 202.990,14 ; 44.833,46 ; 46.960,10 ; 30.493,71 ; 36.775,62 ; 35.974,94 ; 40.798,44 ; 43.884,41 ; 56.163,53 ; 42.687,33 ; 36.768,05 ;#REF!; 76.117,08 ; 28.236,59 ; 32.008,83 ; 42.791,42 ; 33.727,69 ; 34.913,46 ; 44.122,31 ; 32.894,58 ; 48.601,09 ; 46.844,37 ; 55.421,46 ; 30.847,55 ; 51.345,61 ; 26.411,90 ; -   ; 72.652,47 ; 56.203,04 ; -   ; 70.068,98 ; 32.195,89 ; 34.166,59 ; 37.730,80 ; 56.849,99 ; 30.847,55 ; 51.345,61 ; 26.411,90 ; -   ; 72.652,47 ; 56.203,04 ; -   ; 70.068,98 ; 32.195,89 ; 34.166,59 ; 37.730,80 ; 56.849,99 ; 37.291,19 ; -   ; 475.083,54 ; 28.466,59 ; 28.610,64 ; -   ; 41.350,50 ; 1.772,12 ; -   ; -   ; -   ; -   
Alagoas;AL;0,00;0,00;17.743,05;19.601,01;19.943,17;12.909,63;13.296,14;91.264,13;15.225,24;13.946,34;16.368,23;34.122,79;6.832,80;15.558,59;14.713,56;25.209,38;15.386,58;17.559,53;15.393,95;17.317,76;17.168,18;18.562,58;16.210,74;24.033,14;9.795,38;18.325,65;14.140,57;19.035,69;20.618,20;21.185,38;21.186,00;20.590,47;21.727,56;13.244,84;19.897,84;17.914,36;18.277,18;16.468,33;16.944,47;15.611,14;23.352,45;22.254,71;17.605,40;24.196,97;17.706,12;16.739,75;16.775,16;19.244,80;31.658,85;22.957,22;16.657,59;19.167,54;21.489,91;26.873,76;44.032,95;21.893,21;20.647,66;0,00;20.733,11;59.762,03;15.091,27;20.737,06;20.030,33;21.129,55;21.487,02;25.239,49;25.069,41;31.418,93;24.821,39;20.079,45;25.092,47;21.577,95;24.592,81;23.084,09;22.283,63;23.928,13;24.344,20;30.434,81;20.367,30;22.569,30;22.081,65;25.123,98;25.205,81;44.842,46;0,00;0,00;23.848,84;29.914,41;25.029,91;26.663,18;26.841,72;28.323,10;36.302,86;34.117,64;29.019,47;37.710,64;0,00;20.742,05;55.785,43;30.149,71;25.462,45;27.308,67;66.080,65; 49.545,75 ;41.797,38;13.199,87;36.038,99;38.291,37;41.681,72;42.449,58;29.689,31;31.394,92;38.260,84;36.261,21;42.784,69;51.806,99;45.567,70;39.741,63;39.942,82;35.847,40; ;41.481,96;49.327,80;48.494,84;48.806,21;49.409,03;42.086,43;49.788,92;58.526,05;79.402,39;64.555,43;47.272,74;0,00;47.163,68;53.926,51;49.858,89;59.088,30;51.028,19;68.351,78;58.147,04;74.668,78;0,00;118.183,94;59.284,51;0,00;58.113,40;59.740,65;66.694,29;54.975,15;59.016,36;74.809,03;75.461,73;89.974,59;88.415,57;79.690,54;67.585,52;117.549,99;68.885,88;50.650,91;74.837,98;78.583,13;86.307,08;73.826,98;74.076,04;72.057,71;66.504,00;74.073,81;72.969,22; -   ; 284.434,39 ; 104.597,27 ; 91.549,76 ; 74.954,50 ; 79.195,33 ; 77.098,96 ; 103.308,71 ; 93.347,46 ; 111.241,15 ; 116.800,03 ; 98.901,29 ; 74.209,76 ; 183.380,24 ; 74.160,79 ; 81.778,74 ; 106.212,37 ; 82.323,32 ; 95.504,57 ; 121.194,27 ; 90.020,71 ; 130.459,13 ; 108.670,21 ; 152.525,84 ; 80.131,50 ; 144.428,77 ; 73.933,56 ; -   ; 187.586,08 ; 118.990,95 ; -   ; 165.318,95 ; 90.097,05 ; 93.628,44 ; 88.028,54 ; 116.186,27 ; 80.131,50 ; 144.428,77 ; 73.933,56 ; -   ; 187.586,08 ; 118.990,95 ; -   ; 165.318,95 ; 90.097,05 ; 93.628,44 ; 88.028,54 ; 116.186,27 ; 86.167,54 ; -   ; 635.633,85 ; 76.347,08 ; 75.300,33 ; -   ; 114.187,57 ; 7.270,00 ; -   ; -   ; -   ; -   
Amapá;AP;0,00;0,00;2.305,50;3.457,99;2.271,08;1.636,86;1.898,10;14.820,99;2.601,71;2.468,56;2.812,79;5.738,24;1.398,80;2.993,99;2.482,91;4.785,44;2.594,84;2.901,80;2.552,33;2.717,55;2.666,11;2.933,41;2.720,20;4.048,89;1.648,03;2.823,56;2.339,83;3.142,32;3.501,20;3.502,46;3.502,46;3.529,87;4.169,54;2.263,17;3.534,54;3.055,85;3.544,29;3.313,23;3.293,25;2.856,49;4.629,62;4.335,19;3.167,08;4.779,46;3.299,71;3.216,58;3.147,94;3.675,51;7.073,50;4.391,67;3.139,55;3.743,30;4.688,04;5.599,85;66.780,82;4.623,28;4.663,19;0,00;4.679,22;14.269,86;4.537,67;4.820,09;5.325,61;5.236,67;5.527,97;6.986,88;8.922,98;13.520,11;7.985,09;6.347,73;11.573,30;5.172,71;6.012,82;5.255,69;5.580,95;5.907,39;5.789,22;8.201,05;4.544,81;5.094,14;4.830,41;5.413,90;6.102,24;10.272,78;0,00;0,00;5.925,91;6.800,53;5.616,79;6.237,26;7.736,27;7.618,69;11.117,89;10.007,59;8.150,36;10.115,95;0,00;6.121,28;14.848,12;8.406,53;7.176,30;8.034,03;45.063,42; 18.507,49 ;16.586,86;13.695,06;12.630,63;13.451,59;12.344,49;11.420,36;7.985,38;7.769,16;11.071,49;10.488,39;13.488,23;15.089,36;13.358,26;10.665,96;11.007,87;9.221,43; ;14.390,23;17.326,45;15.246,65;16.731,67;16.373,91;14.482,08;17.803,13;20.984,86;28.200,50;22.084,56;15.946,97;0,00;14.486,02;17.714,40;18.066,56;22.194,32;17.342,43;23.984,33;22.101,47;28.943,10;0,00;37.327,66;21.842,29;0,00;83.423,38;84.010,09;92.562,68;79.264,42;84.598,47;108.002,40;102.630,45;119.676,90;110.965,83;107.219,64;88.352,88;33.219,42;90.777,06;71.446,30;102.668,17;105.446,84;115.390,82;107.327,30;104.133,97;103.727,41;92.174,20;102.312,93;24.439,36; -   ; 401.849,01 ; 144.544,87 ; 116.400,09 ; 98.631,18 ; 103.431,69 ; 101.607,33 ; 139.697,27 ; 123.390,63 ; 149.170,73 ; 38.470,34 ; 33.450,24 ; 107.765,69 ; 229.109,70 ; 99.775,93 ; 109.325,68 ; 147.802,11 ; 107.963,78 ; 129.991,10 ; 163.710,42 ; 113.526,02 ; 163.886,26 ; 132.140,68 ; 202.980,54 ; 102.297,90 ; 168.991,08 ; 91.465,64 ; -   ; 234.057,52 ; 149.950,18 ; -   ; 212.573,76 ; 112.350,58 ; 117.601,69 ; 112.975,80 ; 142.995,25 ; 102.297,90 ; 168.991,08 ; 91.465,64 ; -   ; 234.057,52 ; 149.950,18 ; -   ; 212.573,76 ; 112.350,58 ; 117.601,69 ; 112.975,80 ; 142.995,25 ; 110.026,28 ; -   ; 647.012,22 ; 99.993,62 ; 97.653,04 ; -   ; 148.279,11 ; 8.481,87 ; -   ; -   ; -   ; -   
Amazonas;AM;0,00;0,00;20.623,41;25.688,02;26.838,32;14.739,61;16.010,19;117.752,74;22.360,55;18.741,19;22.593,45;45.998,37;13.341,57;18.789,14;19.939,43;37.439,86;20.909,58;23.166,61;22.450,90;27.512,68;20.442,35;26.272,25;24.230,68;35.247,67;19.378,85;30.230,76;25.583,64;35.170,29;33.025,26;34.038,12;34.038,12;34.690,69;38.923,80;21.425,84;33.660,56;31.494,07;33.151,14;26.525,59;29.149,79;26.214,14;43.832,77;38.132,19;28.888,00;42.519,46;31.345,89;29.582,24;28.660,30;34.659,28;64.407,19;39.487,01;29.259,83;32.045,84;37.621,57;48.740,87;8.367,11;37.052,20;36.101,05;0,00;36.902,90;109.759,19;30.854,38;35.043,65;37.974,35;37.373,84;38.301,03;46.554,32;46.942,01;64.113,68;46.550,82;35.954,00;42.415,06;37.123,91;43.951,48;37.369,44;38.416,69;42.969,00;43.255,94;54.503,04;34.380,17;39.968,19;36.236,48;40.088,81;41.733,92;72.444,08;0,00;0,00;40.350,66;49.055,11;41.044,92;43.862,01;45.693,35;47.957,19;69.447,12;60.575,33;49.336,02;62.981,83;0,00;35.790,23;93.270,09;52.123,85;43.077,31;47.428,05;88.940,18; 80.020,80 ;63.761,83;59.526,49;57.602,82;61.410,91;75.077,27;69.575,87;51.405,43;52.237,41;68.757,83;62.808,78;77.076,08;86.234,26;72.567,74;63.131,37;62.720,97;56.299,86; ;61.389,04;88.020,82;80.504,44;79.062,53;76.667,95;63.643,51;74.913,32;89.157,25;131.435,09;109.085,71;70.400,13;0,00;69.661,27;83.209,59;78.916,97;96.971,42;80.566,47;114.107,17;84.196,17;114.007,30;0,00;181.390,78;88.751,29;0,00;17.964,08;19.424,94;21.092,21;16.532,27;19.501,89;25.292,76;28.387,01;38.746,30;42.295,89;23.412,11;22.705,06;174.583,50;18.066,28;16.934,70;24.345,96;33.634,42;39.494,06;25.497,14;25.058,08;25.558,39;24.387,74;25.703,34;101.534,52; -   ; 242.341,09 ; 38.859,49 ; 43.155,02 ; 26.309,74 ; 33.469,14 ; 32.271,59 ; 35.898,76 ; 40.435,27 ; 52.806,65 ; 158.933,42 ; 149.096,17 ; 16.857,76 ; 74.694,31 ; 25.482,23 ; 29.981,77 ; 36.861,30 ; 29.546,63 ; 29.510,38 ; 37.917,84 ; 28.692,54 ; 44.205,97 ; 42.871,73 ; 50.539,40 ; 28.342,56 ; 48.958,76 ; 24.045,12 ; -   ; 68.142,00 ; 54.075,00 ; -   ; 69.839,92 ; 30.651,50 ; 32.350,60 ; 36.088,34 ; 55.159,32 ; 28.342,56 ; 48.958,76 ; 24.045,12 ; -   ; 68.142,00 ; 54.075,00 ; -   ; 69.839,92 ; 30.651,50 ; 32.350,60 ; 36.088,34 ; 55.159,32 ; 34.318,64 ; -   ; 346.370,80 ; 25.674,54 ; 26.437,41 ; -   ; 36.878,93 ; 1.496,81 ; -   ; -   ; -   ; -   
Bahia;BA;0,00;0,00;130.721,11;147.299,96;151.617,33;95.543,95;94.065,21;703.404,82;123.537,60;109.337,25;127.350,37;266.117,80;58.769,62;120.266,85;116.956,81;195.141,68;123.214,80;139.640,81;122.946,21;136.529,25;140.532,94;156.681,22;137.169,33;200.337,18;83.189,04;143.062,63;116.970,89;153.955,93;156.989,62;163.405,55;163.405,55;188.037,30;212.979,42;124.984,01;164.646,89;159.262,29;157.144,57;140.647,02;143.920,04;130.711,48;193.374,41;181.212,95;139.890,48;191.981,57;160.094,88;149.863,32;155.097,55;173.322,76;261.569,92;194.777,71;152.671,74;183.705,62;178.703,72;231.406,69;268.479,20;196.597,26;200.715,45;0,00;184.203,31;506.793,69;142.904,51;187.903,09;173.160,93;190.561,75;194.970,05;223.790,66;217.431,66;267.415,12;210.490,27;187.708,69;208.409,01;195.095,51;225.721,43;206.131,28;183.420,09;215.511,56;213.466,00;260.936,86;180.434,26;211.923,44;211.866,46;219.167,71;220.327,07;394.450,28;0,00;0,00;204.181,39;253.471,73;213.460,80;236.124,05;230.585,50;243.383,92;316.446,91;294.746,37;267.008,91;331.923,05;0,00;182.165,56;480.738,27;262.915,79;227.637,67;245.096,54;290.238,80; 343.576,72 ;295.330,52;290.704,45;273.842,16;294.417,22;345.249,40;332.323,72;241.918,43;263.329,53;302.042,06;298.058,54;338.184,12;408.830,00;375.954,30;330.338,43;330.631,10;302.655,65; ;299.417,50;376.742,74;366.810,61;367.306,28;364.896,56;311.126,14;362.622,62;417.542,85;571.100,37;466.909,95;344.483,67;0,00;352.479,01;395.361,43;366.377,83;434.734,40;387.931,43;502.172,51;396.255,83;518.588,93;0,00;897.242,47;422.233,07;0,00;437.024,41;391.299,53;476.871,64;414.896,09;426.269,79;531.774,41;482.420,78;545.622,95;488.587,86;525.344,52;443.382,64;803.613,01;473.730,36;321.038,55;488.937,70;474.165,81;504.384,23;495.305,97;515.788,48;509.304,57;507.678,38;513.424,95;529.223,30; -   ; 1.490.216,75 ; 680.103,27 ; 534.758,69 ; 484.483,33 ; 500.022,38 ; 471.238,31 ; 704.174,55 ; 583.770,59 ; 709.592,99 ; 798.062,25 ; 716.897,68 ; 611.203,59 ; 1.150.507,57 ; 511.530,17 ; 545.626,00 ; 702.158,43 ; 526.609,97 ; 612.593,72 ; 824.721,03 ; 588.162,76 ; 853.529,49 ; 597.943,18 ; 956.070,15 ; 493.700,59 ; 917.216,92 ; 487.850,62 ; -   ; 1.165.311,55 ; 666.521,76 ; -   ; 1.037.299,38 ; 562.970,08 ; 617.759,54 ; 519.946,79 ; 606.497,15 ; 493.700,59 ; 917.216,92 ; 487.850,62 ; -   ; 1.165.311,55 ; 666.521,76 ; -   ; 1.037.299,38 ; 562.970,08 ; 617.759,54 ; 519.946,79 ; 606.497,15 ; 498.656,21 ; -   ; 1.119.970,00 ; 496.006,02 ; 490.010,64 ; -   ; 757.988,42 ; 53.801,80 ; -   ; -   ; -   ; -   
Ceará;CE;0,00;0,00;35.936,61;35.447,52;34.504,33;23.832,86;25.075,96;213.515,69;31.760,51;27.149,49;34.476,84;71.930,42;17.696,53;30.016,55;31.101,77;50.678,20;31.407,60;36.784,71;32.685,72;39.769,79;36.556,56;41.414,73;37.642,89;54.479,86;27.306,14;41.596,46;33.686,59;43.293,95;46.893,27;48.299,75;48.299,75;53.931,62;54.258,99;33.099,86;50.758,28;46.799,04;45.835,96;41.271,42;42.576,39;34.538,96;57.159,15;57.017,55;44.210,28;59.904,01;44.229,22;44.598,77;41.962,37;49.126,97;84.840,77;56.509,10;40.189,07;44.300,88;52.807,81;70.817,77;97.539,50;55.701,79;55.471,45;0,00;54.882,49;160.112,46;45.300,16;53.658,63;54.997,05;55.384,44;57.536,42;68.475,37;72.321,37;88.590,17;65.576,34;53.325,75;61.199,24;58.938,34;66.176,57;58.065,49;57.587,07;61.749,94;61.044,49;80.254,34;52.758,31;58.367,31;53.926,08;65.503,25;67.111,55;115.751,47;0,00;0,00;60.312,97;71.213,60;59.769,49;67.255,54;69.186,98;72.645,96;95.315,60;85.582,30;74.111,87;95.696,30;0,00;51.242,26;138.783,68;75.076,58;65.050,17;69.318,55;113.396,51; 121.512,50 ;92.479,20;86.171,62;84.777,85;91.590,86;110.471,64;103.763,86;74.053,20;73.540,33;95.287,80;88.736,60;110.474,25;127.128,96;107.379,62;0,00;0,00;0,00; ; ;33.102,17;107.218,58;111.543,49;111.446,70;97.528,26;112.844,57;135.126,14;190.528,50;153.521,49;109.044,95;0,00;107.121,81;127.723,76;118.494,96;146.911,84;124.651,33;177.494,84;129.321,46;169.886,96;0,00;284.736,12;137.143,63;0,00;136.154,79;135.138,66;144.124,46;126.548,98;136.956,79;182.077,21;166.374,56;187.538,47;172.607,41;196.899,15;164.440,34;322.958,01;166.060,48;121.246,57;170.280,73;175.451,66;194.444,46;185.277,06;187.305,96;181.073,48;165.295,43;189.075,85;193.046,23; -   ; 440.214,41 ; 241.371,36 ; 179.145,27 ; 172.915,64 ; 172.732,18 ; 169.826,57 ; 243.275,55 ; 202.063,47 ; 250.316,55 ; 281.414,18 ; 261.387,05 ; 194.641,24 ; 397.473,32 ; 171.499,32 ; 176.221,42 ; 238.144,78 ; 182.820,26 ; 227.824,67 ; 293.711,66 ; 201.115,26 ; 292.604,11 ; 229.682,99 ; 376.485,85 ; 182.218,71 ; 316.550,87 ; 169.123,27 ; -   ; 422.645,06 ; 258.591,22 ; -   ; 384.627,58 ; 207.490,70 ; 217.252,92 ; 195.538,43 ; 252.905,69 ; 182.218,71 ; 316.550,87 ; 169.123,27 ; -   ; 422.645,06 ; 258.591,22 ; -   ; 384.627,58 ; 207.490,70 ; 217.252,92 ; 195.538,43 ; 252.905,69 ; 197.171,39 ; -   ; 678.102,87 ; 182.842,15 ; 173.492,57 ; -   ; 275.597,66 ; 17.868,89 ; -   ; -   ; -   ; -   
Distrito Federal;DF;0,00;0,00;95.094,73;104.892,57;106.263,42;69.008,42;70.868,07;526.290,67;88.972,79;60.433,69;92.251,05;181.865,04;35.428,78;75.078,00;79.191,62;143.760,04;83.134,67;92.112,67;83.518,25;95.389,32;87.906,39;96.724,49;89.745,84;131.873,94;55.760,90;91.969,22;78.663,92;105.735,23;113.180,79;115.264,22;115.264,22;120.341,79;124.724,30;131.162,41;68.354,54;106.044,49;110.667,47;97.575,19;106.162,56;94.248,79;158.555,22;138.027,16;106.960,90;142.803,59;101.946,91;104.134,36;101.248,49;118.506,49;188.612,68;125.152,16;100.411,94;116.213,67;126.553,98;168.546,31;218.671,08;139.518,76;141.161,51;0,00;137.419,40;396.967,44;106.113,66;123.679,28;134.578,09;139.419,88;140.470,38;163.681,11;172.743,08;199.763,85;148.378,85;126.168,38;148.059,87;136.568,06;156.984,66;130.024,44;134.658,04;146.313,39;148.516,65;193.673,44;126.289,93;143.560,77;138.032,21;157.324,60;161.922,22;271.943,01;0,00;0,00;144.847,02;176.503,99;149.643,66;164.481,75;165.584,17;166.187,51;229.046,72;203.325,83;177.648,97;227.786,31;0,00;120.942,27;311.610,59;176.382,41;148.183,54;159.533,00;213.466,66; 242.040,54 ;197.572,18;187.297,40;182.406,52;188.399,14;230.465,50;199.268,98;157.148,05;165.926,44;205.519,37;205.397,69;254.303,73;272.882,78;235.447,72;207.424,85;212.976,10;187.277,71; ;195.317,42;286.108,10;260.598,13;265.091,16;258.483,06;220.984,02;247.988,84;291.207,56;393.792,12;326.269,77;224.624,77;0,00;214.712,06;267.004,28;253.904,69;305.397,22;265.903,79;381.675,11;257.253,17;362.648,89;0,00;589.929,52;275.899,09;0,00;279.708,34;280.556,57;310.008,10;265.902,45;287.829,04;378.928,18;324.600,41;376.524,20;340.010,34;391.647,36;300.505,30;588.770,87;327.796,07;230.408,42;358.131,44;346.816,99;382.523,60;387.064,96;382.365,35;375.979,83;350.284,52;390.736,06;392.761,78; -   ; 752.487,48 ; 521.627,18 ; 376.188,89 ; 366.142,16 ; 341.560,91 ; 335.200,59 ; 512.971,07 ; 401.952,99 ; 507.069,02 ; 584.783,58 ; 572.651,96 ; 402.767,37 ; 722.581,58 ; 352.861,42 ; 372.064,17 ; 539.223,60 ; 375.149,75 ; 472.004,98 ; 625.300,87 ; 411.308,30 ; 601.915,94 ; 447.163,00 ; -   ; 363.907,02 ; 599.815,12 ; 333.421,83 ; -   ; 933.027,60 ; 536.371,41 ; -   ; 776.077,18 ; 434.469,22 ; 457.844,22 ; 382.511,03 ; 477.569,96 ; 363.907,02 ; 599.815,12 ; 333.421,83 ; -   ; 933.027,60 ; 536.371,41 ; -   ; 776.077,18 ; 434.469,22 ; 457.844,22 ; 382.511,03 ; 477.569,96 ; 397.468,06 ; -   ; 1.271.424,37 ; 404.436,08 ; 367.379,76 ; -   ; 610.012,43 ; 40.699,57 ; -   ; -   ; -   ; -   
Espírito Santo;ES;0,00;0,00;45.908,65;47.484,60;45.174,18;29.563,98;30.575,76;253.470,15;41.967,42;33.892,79;44.795,43;85.958,93;23.133,80;36.091,00;37.211,70;71.331,08;36.822,44;42.203,02;38.730,01;46.928,92;42.165,30;48.377,44;46.491,55;66.970,90;33.077,81;50.350,49;40.201,24;51.246,82;54.450,35;55.498,02;55.498,02;57.508,96;66.924,25;38.826,47;61.560,08;54.387,53;54.589,76;48.025,71;47.837,69;42.052,41;85.049,99;66.847,42;49.384,61;66.579,20;47.762,97;48.581,49;44.878,03;54.091,38;91.829,77;62.325,94;44.467,83;51.269,07;65.244,88;97.369,78;127.292,55;69.505,25;67.036,99;0,00;66.036,25;197.468,96;54.776,77;64.065,24;68.039,20;67.291,10;68.072,92;83.367,99;86.860,16;109.845,10;79.093,72;64.184,60;71.780,05;69.818,92;78.374,31;68.522,45;66.287,05;73.564,96;73.364,15;95.703,16;63.069,09;69.897,15;67.165,97;80.106,08;83.055,64;137.332,39;0,00;0,00;76.427,95;89.034,51;73.528,24;88.416,55;92.649,63;96.786,56;123.825,69;108.098,33;92.544,43;119.667,86;0,00;65.845,33;176.570,62;95.736,01;82.778,38;93.146,71;137.482,37; 143.415,06 ;114.619,86;108.567,04;106.559,01;107.813,20;134.854,17;124.782,75;90.988,08;91.936,73;115.574,71;110.459,81;136.491,48;157.807,77;136.940,21;120.339,73;121.894,24;106.913,76; ;114.054,60;151.648,20;137.726,82;138.759,98;138.753,97;122.925,60;141.012,60;163.264,60;232.346,58;193.176,48;129.657,81;0,00;141.662,17;163.490,49;152.840,04;182.330,31;153.561,11;218.160,44;157.861,21;216.094,17;0,00;357.044,68;176.046,32;0,00;173.264,11;168.719,99;183.596,34;152.967,49;163.515,98;216.703,63;194.856,55;232.626,26;216.122,05;238.871,58;188.646,36;351.147,24;202.410,05;140.286,53;216.864,76;208.661,37;224.200,88;222.927,73;220.310,56;214.835,48;207.802,73;252.083,20;257.759,40; -   ; 447.210,73 ; 343.231,65 ; 245.819,68 ; 234.561,74 ; 210.876,59 ; 215.179,37 ; 332.084,71 ; 258.160,67 ; 320.005,77 ; 372.223,24 ; 333.929,30 ; 248.929,36 ; 480.064,04 ; 223.820,10 ; 233.565,52 ; 329.920,77 ; 230.708,39 ; 285.776,97 ; 373.241,97 ; 255.378,95 ; 380.749,79 ; 289.724,43 ; 455.361,10 ; 229.054,84 ; 388.851,37 ; 172.720,53 ; -   ; 581.593,49 ; 326.221,07 ; -   ; 469.676,90 ; 263.952,54 ; 279.161,52 ; 242.772,48 ; 316.060,87 ; 229.054,84 ; 388.851,37 ; 172.720,53 ; -   ; 581.593,49 ; 326.221,07 ; -   ; 469.676,90 ; 263.952,54 ; 279.161,52 ; 242.772,48 ; 316.060,87 ; 259.066,39 ; -   ; 649.922,84 ; 226.120,01 ; 216.046,67 ; -   ; 329.625,79 ; 22.116,64 ; -   ; -   ; -   ; -   
Goiás;GO;0,00;0,00;82.078,64;86.608,86;87.581,85;56.297,58;59.955,52;390.530,89;77.596,59;67.598,91;82.764,41;166.471,83;43.890,02;72.100,11;73.421,43;136.263,30;76.217,10;85.383,98;78.493,31;88.547,47;84.253,02;94.505,19;86.438,18;126.372,70;54.317,87;92.962,59;77.089,90;102.811,23;113.757,24;124.285,21;124.285,21;136.169,56;127.773,50;77.168,51;108.158,92;99.654,11;101.828,55;93.388,35;96.102,02;87.918,42;146.042,68;128.800,25;100.665,92;132.379,56;101.041,61;100.102,10;101.690,65;113.952,99;185.648,53;132.096,81;103.300,14;119.108,25;125.833,71;160.783,62;204.400,60;130.255,66;133.277,73;0,00;127.166,50;365.000,10;105.567,32;128.633,33;128.501,49;133.789,35;132.692,68;158.229,05;166.050,13;195.450,44;143.167,23;123.901,92;146.720,34;132.074,27;153.493,29;137.059,68;134.311,97;160.263,68;147.456,00;186.439,09;129.107,64;132.821,46;134.700,68;150.988,27;153.408,68;271.926,73;0,00;0,00;168.750,65;195.495,48;159.748,47;173.008,43;177.387,39;184.009,39;250.212,00;211.833,47;183.050,28;242.212,95;0,00;129.076,10;354.972,42;192.980,44;165.686,72;179.340,79;236.588,55; 268.058,51 ;216.421,24;205.200,27;198.645,57;213.446,56;254.320,88;241.425,25;180.348,91;186.676,00;220.910,45;214.065,17;263.363,74;301.705,97;262.033,01;231.357,83;237.093,40;214.195,47; ;213.494,62;300.828,59;273.255,22;277.567,30;270.292,87;240.978,13;265.750,26;298.484,17;398.103,64;348.382,86;245.545,98;0,00;246.019,88;287.947,48;276.725,02;326.551,53;279.981,97;388.295,74;282.146,79;372.623,99;0,00;637.785,80;305.698,66;0,00;326.227,96;314.022,41;342.043,79;291.925,52;316.305,75;399.765,73;355.396,41;404.125,25;362.285,98;407.307,27;345.473,56;629.158,37;379.405,36;267.601,09;390.436,96;378.682,48;397.416,78;415.986,45;411.918,43;395.552,69;380.247,96;411.726,31;413.663,14; -   ; 844.358,96 ; 533.410,69 ; 406.280,12 ; 381.752,58 ; 377.542,83 ; 368.315,35 ; 545.394,87 ; 424.484,96 ; 523.382,19 ; 577.965,83 ; 532.206,41 ; 443.667,76 ; 781.533,48 ; 387.109,82 ; 405.054,67 ; 539.314,46 ; 405.992,14 ; 474.544,58 ; 633.644,17 ; 435.597,22 ; 606.941,37 ; 440.072,83 ; 709.396,28 ; 384.164,24 ; 631.052,33 ; 363.209,76 ; -   ; 896.735,92 ; 527.855,39 ; -   ; 810.846,93 ; 434.037,57 ; 450.786,36 ; 392.694,06 ; 472.234,42 ; 384.164,24 ; 631.052,33 ; 363.209,76 ; -   ; 896.735,92 ; 527.855,39 ; -   ; 810.846,93 ; 434.037,57 ; 450.786,36 ; 392.694,06 ; 472.234,42 ; 398.182,44 ; -   ; 922.364,82 ; 393.620,12 ; 381.425,97 ; -   ; 596.923,49 ; 39.762,79 ; -   ; -   ; -   ; -   
Maranhão;MA;0,00;0,00;21.349,74;28.889,09;29.531,57;17.522,38;18.061,56;119.404,80;21.414,27;19.055,90;24.110,30;50.529,18;11.088,67;24.103,76;24.250,54;42.404,10;26.946,77;30.910,40;26.114,91;29.445,46;28.959,61;31.627,40;28.399,19;41.719,41;15.501,80;30.763,57;25.004,16;31.488,98;32.348,48;31.668,48;31.668,48;33.646,21;41.203,28;24.214,59;34.148,05;33.347,44;0,00;58.504,60;30.172,13;28.285,33;39.527,72;38.553,88;28.769,75;41.820,96;33.218,70;30.953,03;32.635,46;38.677,59;60.157,74;43.741,18;32.689,81;38.732,91;38.954,46;48.683,38;57.946,98;41.818,03;40.822,47;0,00;39.009,19;105.406,59;28.901,13;39.877,73;38.660,88;41.570,24;41.385,25;47.617,66;46.909,09;57.220,38;47.663,94;39.225,97;47.261,37;44.000,40;50.744,29;45.634,11;42.765,31;49.376,80;48.720,72;62.520,21;41.558,47;42.294,26;43.950,09;0,00;0,00;0,00;0,00;0,00;0,00;0,00;0,00;0,00;0,00;0,00;0,00;0,00;0,00;75.555,65;0,00;39.065,69;108.983,50;59.307,69;51.076,92;53.451,61;96.120,50; 83.462,46 ;72.361,15;67.414,80;65.647,87;71.796,58;80.815,79;81.969,03;60.031,67;64.473,64;75.252,71;72.343,09;85.540,16;98.117,96;87.098,23;80.015,95;82.209,70;74.871,24; ;79.707,99;99.015,93;98.017,53;95.395,09;96.458,13;83.821,75;94.886,09;108.393,32;146.638,55;127.057,12;94.199,03;0,00;94.534,07;107.870,13;97.744,73;117.034,54;103.714,34;136.452,12;110.776,63;145.753,95;0,00;246.315,68;121.022,38;0,00;119.797,04;113.495,24;129.816,39;108.422,73;114.316,04;143.119,72;138.106,33;156.454,13;143.679,04;141.776,73;125.804,65;213.301,17;133.719,73;94.532,00;144.865,40;144.247,63;154.334,76;142.222,09;145.095,73;143.047,39;133.435,80;142.768,58;144.468,57; -   ; 417.430,52 ; 185.027,01 ; 153.077,04 ; 135.656,73 ; 147.346,94 ; 140.406,54 ; 195.862,69 ; 163.450,18 ; 191.454,94 ; 209.911,41 ; 186.810,35 ; 153.471,10 ; 302.299,04 ; 139.814,43 ; 150.365,05 ; 193.646,15 ; 147.561,17 ; 171.889,10 ; 222.456,93 ; 154.348,99 ; 219.827,15 ; 170.558,06 ; 258.532,24 ; 135.933,40 ; 241.372,54 ; 135.053,65 ; -   ; 324.920,40 ; 201.619,05 ; -   ; 312.595,24 ; 169.062,65 ; 174.944,60 ; 156.035,07 ; 192.952,01 ; 135.933,40 ; 241.372,54 ; 135.053,65 ; -   ; 324.920,40 ; 201.619,05 ; -   ; 312.595,24 ; 169.062,65 ; 174.944,60 ; 156.035,07 ; 192.952,01 ; 150.887,60 ; -   ; 540.557,19 ; 145.635,69 ; 141.227,45 ; -   ; 219.468,49 ; 12.818,54 ; -   ; -   ; -   ; -   
Mato Grosso;MT;0,00;0,00;26.777,34;32.060,34;32.538,73;21.352,03;22.111,93;161.603,86;29.462,66;24.147,95;33.249,36;65.228,48;18.121,42;26.908,56;28.222,13;55.542,63;28.472,88;34.425,17;30.799,28;37.518,58;32.992,34;37.406,42;33.870,02;49.670,74;23.309,00;36.601,58;30.343,34;39.824,56;40.868,00;41.744,17;41.744,17;45.123,57;47.831,05;28.777,54;44.321,71;39.692,93;38.800,86;34.483,30;36.870,82;33.833,77;56.260,33;51.062,07;38.908,84;52.891,12;40.782,85;40.246,01;39.127,67;44.864,65;74.663,80;51.026,84;42.613,51;47.092,58;52.245,57;72.778,01;103.432,25;54.863,37;54.980,28;0,00;53.001,74;157.487,03;43.004,58;51.983,66;55.402,33;56.915,07;56.816,24;68.498,84;71.362,89;88.923,76;65.194,60;52.531,68;59.731,23;56.312,47;63.898,06;55.327,98;56.224,75;65.545,82;59.988,57;79.391,79;50.574,09;54.516,58;52.680,41;62.321,87;62.963,91;107.800,15;0,00;0,00;63.494,26;71.766,57;59.250,70;64.960,26;66.447,92;69.443,62;95.880,76;84.241,58;74.677,04;96.709,34;0,00;55.321,20;142.489,59;74.416,25;64.898,24;70.107,17;114.714,69; 112.551,31 ;89.814,51;83.049,71;81.573,26;83.931,88;103.972,38;95.234,97;71.892,34;74.414,64;92.433,21;87.802,24;111.427,24;128.319,44;109.934,88;97.321,01;99.337,18;86.596,52;5.450,45;90.521,81;135.104,28;118.647,95;121.501,43;118.952,34;105.925,12;118.090,97;136.670,08;192.333,87;162.329,56;109.375,15;0,00;109.411,16;127.895,13;122.480,38;144.288,18;122.460,40;172.316,67;126.384,78;167.672,90;0,00;278.336,68;133.124,13;0,00;889.688,70;856.330,58;937.413,76;829.653,32;868.181,50;1.120.752,93;985.320,93;1.087.614,13;995.651,46;1.159.087,92;946.489,82;264.972,91;1.022.813,91;705.719,28;1.082.132,91;1.025.404,26;1.095.743,99;1.143.452,15;1.112.865,36;1.067.712,84;1.027.598,48;1.127.937,87;183.003,94; -   ; 2.272.706,48 ; 1.382.113,73 ; 1.054.783,95 ; 1.032.847,89 ; 988.756,35 ; -   ; 2.473.693,76 ; 1.140.912,91 ; 1.424.256,12 ; 265.716,74 ; 239.154,37 ; 1.212.861,36 ; 2.133.961,05 ; 1.011.514,69 ; 1.067.018,28 ; 1.437.022,44 ; 1.056.864,53 ; 1.272.812,94 ; 1.748.662,72 ; 1.172.162,54 ; 1.667.901,65 ; 1.212.046,37 ; 1.940.518,38 ; 1.010.662,24 ; 1.685.808,80 ; 956.329,59 ; -   ; 2.456.668,86 ; 1.408.819,62 ; -   ; 2.129.171,83 ; 1.153.040,87 ; 1.226.488,99 ; 1.032.127,03 ; 1.249.973,75 ; 1.010.662,24 ; 1.685.808,80 ; 956.329,59 ; -   ; 2.456.668,86 ; 1.408.819,62 ; -   ; 2.129.171,83 ; 1.153.040,87 ; 1.226.488,99 ; 1.032.127,03 ; 1.249.973,75 ; 1.018.047,11 ; -   ; 1.883.524,55 ; 1.006.078,53 ; 994.828,07 ; -   ; 1.539.406,63 ; 123.630,02 ; -   ; -   ; -   ; -   
Mato Grosso do Sul;MS;0,00;0,00;36.206,26;39.197,97;39.737,78;25.321,79;26.827,38;189.352,54;35.710,53;29.558,08;38.303,76;76.905,48;19.562,76;30.665,18;31.969,85;62.783,86;32.899,79;37.766,04;34.497,87;41.381,68;36.824,86;41.082,13;37.696,87;55.488,62;32.577,57;43.684,29;36.811,47;45.979,01;50.150,18;51.031,20;51.031,20;53.994,04;57.127,00;33.300,90;49.540,18;45.935,47;47.953,33;40.335,97;43.517,84;37.901,74;68.705,33;59.981,58;44.999,96;63.258,50;42.854,24;43.420,16;41.331,53;48.939,70;87.283,22;54.916,54;40.953,60;45.114,23;53.520,55;74.291,48;104.978,74;55.864,90;54.390,87;0,00;53.974,40;162.439,47;44.565,47;51.436,61;54.998,99;55.126,67;56.334,21;68.486,22;71.673,58;89.463,08;59.384,79;51.976,48;56.935,98;56.954,45;64.314,26;53.982,37;55.221,21;61.315,27;60.191,00;78.440,77;50.701,37;56.445,04;54.126,85;62.753,73;62.068,38;108.494,15;0,00;0,00;58.017,88;66.680,20;57.880,70;61.782,86;64.400,37;69.290,25;93.910,23;84.509,99;70.826,93;95.345,30;0,00;53.107,11;133.218,23;73.990,26;63.371,29;69.825,78;118.392,00; 120.428,94 ;91.389,86;83.820,57;81.141,45;87.273,41;103.171,27;96.385,17;70.341,37;69.713,78;90.104,91;86.744,50;110.695,86;125.991,01;104.603,33;91.196,32;92.997,98;81.009,28; ;82.331,51;119.707,19;103.105,08;110.372,44;108.989,99;97.198,61;105.121,86;121.311,03;171.733,71;144.609,58;96.463,87;0,00;94.138,70;111.356,96;105.866,60;126.798,94;108.615,26;153.747,03;112.648,60;151.744,58;0,00;248.771,35;117.454,18;0,00;115.219,41;116.186,21;125.153,42;109.832,19;125.336,36;161.921,59;151.411,06;173.069,74;155.429,02;160.119,35;133.075,50;243.806,29;131.149,53;99.544,41;145.805,76;150.831,19;170.973,91;166.697,78;161.981,02;154.221,67;148.025,70;159.389,62;164.315,90; -   ; 492.934,83 ; 206.457,95 ; 170.244,76 ; 153.720,20 ; 162.560,69 ; 159.583,34 ; 239.184,95 ; 191.447,09 ; 231.421,17 ; 257.476,15 ; 246.842,37 ; 180.534,86 ; 325.599,20 ; 160.323,11 ; 165.810,32 ; 229.036,31 ; 170.283,68 ; 221.927,79 ; 283.228,56 ; 185.517,45 ; 264.714,97 ; 214.985,22 ; 358.724,12 ; 167.012,56 ; 264.410,55 ; 154.816,51 ; -   ; 405.273,10 ; 250.844,09 ; -   ; 355.667,23 ; 187.134,73 ; 200.590,91 ; 177.323,33 ; 227.652,14 ; 167.012,56 ; 264.410,55 ; 154.816,51 ; -   ; 405.273,10 ; 250.844,09 ; -   ; 355.667,23 ; 187.134,73 ; 200.590,91 ; 177.323,33 ; 227.652,14 ; 177.972,64 ; -   ; 598.314,77 ; 165.168,10 ; 159.180,19 ; -   ; 248.186,56 ; 16.824,72 ; -   ; -   ; -   ; -   
Minas Gerais;MG;0,00;0,00;265.372,68;247.203,30;252.637,40;172.194,63;177.630,31;1.371.244,80;232.939,69;194.471,82;239.583,22;445.657,42;146.184,33;199.701,17;204.403,84;365.202,00;211.734,52;239.143,24;221.597,90;261.210,38;239.921,42;267.273,86;247.420,14;359.664,46;160.787,48;258.057,39;215.967,40;290.659,24;318.989,76;350.311,87;350.311,87;379.319,63;347.092,94;222.063,01;317.002,96;285.745,09;282.950,88;254.851,61;265.810,17;243.940,16;381.911,31;353.596,12;272.129,72;361.916,61;271.559,65;270.526,81;260.945,32;302.810,70;486.470,21;341.994,55;260.019,27;298.768,11;333.841,05;424.107,27;560.659,96;354.205,72;345.833,84;0,00;338.765,97;963.674,65;271.798,90;333.085,67;341.874,20;358.899,59;367.564,37;435.012,72;458.418,51;563.913,68;381.955,53;341.264,17;378.374,95;376.680,96;432.323,60;375.550,88;365.927,77;410.904,98;398.775,41;509.698,26;349.700,34;395.774,69;375.169,82;434.170,38;436.775,59;753.028,60;0,00;0,00;403.753,05;482.627,21;407.614,10;450.737,12;460.267,18;483.463,34;616.717,61;557.541,14;488.648,77;629.391,41;0,00;334.637,38;912.132,63;498.564,65;440.082,11;468.740,40;548.397,48; 694.187,06 ;576.895,90;556.862,61;561.599,40;585.561,08;737.057,69;695.420,20;514.055,85;527.581,67;656.988,42;629.889,43;773.955,75;886.873,53;751.896,67;671.505,60;684.894,35;1.264.125,19; ;601.702,81;834.893,15;766.159,35;774.689,93;764.647,77;680.135,30;758.978,06;871.133,66;1.200.906,45;1.040.083,63;715.321,97;0,00;730.183,54;850.088,11;787.740,59;958.075,61;821.778,19;1.134.656,84;819.993,24;1.094.137,65;0,00;1.876.045,36;866.557,01;0,00;130.377,01;133.071,28;154.702,58;129.222,28;137.519,33;175.417,19;161.924,85;184.554,59;167.830,60;183.345,61;146.681,93;1.829.798,99;152.161,44;116.147,92;171.233,37;167.831,13;184.097,86;185.054,03;183.952,58;176.030,33;169.133,58;184.619,44;1.121.015,69; -   ; 494.136,65 ; 230.738,50 ; 186.577,77 ; 166.524,39 ; 166.776,17 ; 166.936,20 ; 238.595,17 ; 195.452,03 ; 240.339,78 ; 1.656.960,61 ; 1.491.195,02 ; 187.339,09 ; 358.701,46 ; 177.810,09 ; 183.598,80 ; 248.142,29 ; 182.663,24 ; 218.884,06 ; 289.573,23 ; 199.847,76 ; 281.881,65 ; 218.890,25 ; 337.675,59 ; 185.839,49 ; 304.551,79 ; 176.465,31 ; -   ; 451.408,76 ; 294.835,61 ; -   ; 452.667,87 ; 234.057,53 ; 246.204,31 ; 214.157,44 ; 262.423,02 ; 185.839,49 ; 304.551,79 ; 176.465,31 ; -   ; 451.408,76 ; 294.835,61 ; -   ; 452.667,87 ; 234.057,53 ; 246.204,31 ; 214.157,44 ; 262.423,02 ; 210.075,45 ; -   ; 503.152,91 ; 204.433,36 ; 199.051,62 ; -   ; 308.509,37 ; 19.581,51 ; -   ; -   ; -   ; -   
Pará;PA;0,00;0,00;40.090,11;48.257,89;48.892,96;29.884,30;31.323,15;225.952,05;38.109,81;34.827,24;42.595,85;87.248,21;23.368,73;37.694,14;40.308,07;69.868,08;39.744,98;45.169,82;26.089,27;45.319,46;43.524,99;49.102,81;43.935,89;64.112,20;32.330,18;49.956,41;41.584,01;56.525,78;58.972,96;;;192.482,81;64.857,73;38.861,46;57.038,85;52.877,56;54.535,18;47.551,02;50.749,54;45.089,56;72.540,90;63.859,84;48.770,80;65.083,83;49.349,62;48.954,97;49.073,32;57.334,18;97.950,02;65.229,58;48.445,56;55.945,88;60.479,91;77.470,52;103.498,14;60.351,47;61.067,85;0,00;60.370,98;176.974,98;49.559,32;60.678,69;63.669,49;64.811,96;65.968,65;80.845,66;82.635,12;98.983,27;87.931,00;60.694,77;78.312,29;66.055,94;79.410,60;68.658,86;69.388,09;76.001,34;75.028,65;97.402,31;65.929,99;72.759,39;68.283,23;82.029,10;81.336,78;138.672,25;0,00;0,00;78.517,48;95.031,08;77.207,42;85.948,53;146.290,76;147.738,25;203.665,64;182.189,49;153.934,79;127.284,99;0,00;71.989,32;186.038,84;103.013,10;86.660,14;92.800,18;140.225,57; 149.145,09 ;115.550,70;111.405,95;111.766,21;120.279,87;0,00;0,00;378.074,92;98.358,89;123.250,30;118.322,97;149.093,21;172.655,37;149.508,70;135.124,55;134.601,34;118.042,43;5.450,45;116.263,64;177.725,06;148.920,03;151.957,65;146.319,37;124.456,13;133.134,24;162.435,99;245.297,08;199.085,44;131.860,86;0,00;133.172,76;160.430,56;147.213,77;181.663,37;152.300,09;211.618,21;152.474,93;205.585,65;0,00;349.777,23;165.747,97;0,00;167.516,15;167.433,22;177.723,33;149.398,24;162.033,48;205.404,24;182.840,69;204.201,49;193.048,65;214.029,63;176.069,20;330.313,30;179.672,19;135.931,99;194.372,75;190.279,24;200.932,94;201.401,86;194.907,30;191.284,20;182.584,42;202.476,43;206.829,12; -   ; 605.296,31 ; 262.623,03 ; 203.862,11 ; 187.676,74 ; 185.791,85 ; 183.023,11 ; 258.759,42 ; 208.076,76 ; 264.115,48 ; 295.713,75 ; 271.890,56 ; 212.503,80 ; 422.801,91 ; 193.235,35 ; 203.109,63 ; 272.566,19 ; 201.531,92 ; 238.838,13 ; 305.812,83 ; 210.091,19 ; 306.122,28 ; 234.756,86 ; 364.035,15 ; 179.924,99 ; 321.702,96 ; 175.510,67 ; -   ; 437.985,66 ; 263.585,85 ; -   ; 384.143,71 ; 202.270,23 ; 211.430,52 ; 192.385,57 ; 237.547,20 ; 179.924,99 ; 321.702,96 ; 175.510,67 ; -   ; 437.985,66 ; 263.585,85 ; -   ; 384.143,71 ; 202.270,23 ; 211.430,52 ; 192.385,57 ; 237.547,20 ; 190.322,73 ; -   ; 783.114,90 ; 192.090,10 ; 181.829,57 ; -   ; 282.601,68 ; 17.851,55 ; -   ; -   ; -   ; -   
Paraíba;PB;0,00;0,00;16.218,96;17.116,89;17.000,34;11.165,42;11.712,02;83.818,87;14.936,45;13.499,15;15.336,29;31.806,38;7.260,74;14.352,26;14.318,77;24.829,18;15.692,33;17.176,34;16.022,60;18.574,64;17.801,64;20.317,17;17.789,22;25.843,34;10.670,23;18.511,51;14.544,92;19.225,44;20.422,19;21.795,98;21.795,98;22.939,90;23.248,65;14.707,36;20.009,17;20.415,31;21.012,58;17.649,81;18.296,09;17.245,26;26.564,18;25.204,68;20.184,94;30.090,04;20.956,76;19.675,97;19.879,67;22.079,57;35.257,25;25.505,01;19.200,02;22.209,29;26.538,21;33.376,24;43.714,39;26.879,50;26.720,65;0,00;24.972,53;72.470,91;19.157,31;24.990,10;24.354,40;25.397,56;25.010,11;29.152,54;30.534,72;40.805,45;41.700,96;23.951,49;44.748,43;25.650,72;29.608,15;26.076,10;25.641,37;28.245,36;28.266,85;36.111,31;24.874,17;27.588,59;26.836,05;30.788,62;30.754,44;55.102,48;0,00;0,00;30.058,57;35.642,54;29.179,48;32.107,97;33.256,43;34.430,45;46.085,88;40.444,13;35.678,60;46.422,11;0,00;25.181,64;67.132,54;35.688,50;31.141,70;32.889,33;70.851,29; 56.676,28 ;47.019,34;43.117,36;40.542,38;48.531,04;55.043,15;51.844,47;36.883,76;36.660,65;45.683,13;44.493,32;54.368,77;63.125,89;54.416,44;49.795,83;49.256,07;43.935,59;5.450,45;50.191,68;65.721,90;58.542,55;61.800,08;59.698,70;51.694,15;62.385,36;70.051,96;98.411,82;78.601,41;57.532,28;0,00;57.396,91;66.379,91;61.698,74;73.831,93;62.060,89;83.715,83;69.289,66;90.508,87;0,00;144.687,24;70.719,10;0,00;66.373,58;67.366,08;73.940,85;62.608,17;68.160,79;86.843,37;83.437,36;99.041,17;95.769,34;88.392,59;76.762,41;128.213,27;76.749,06;58.733,52;85.139,17;89.226,04;98.226,03;85.198,80;86.966,78;83.507,15;79.611,42;87.010,55;88.028,09; -   ; 367.320,24 ; 114.019,13 ; 99.770,69 ; 81.399,91 ; 88.949,78 ; 87.421,18 ; 116.640,99 ; 104.645,04 ; 128.126,87 ; 130.536,04 ; 113.734,74 ; 85.959,42 ; 189.659,64 ; 83.285,89 ; 89.596,87 ; 115.221,03 ; 87.415,47 ; 101.577,78 ; 133.663,46 ; 95.535,06 ; 143.579,01 ; 115.417,51 ; 166.581,49 ; 82.715,94 ; 140.659,35 ; 77.019,09 ; -   ; 197.444,98 ; 126.530,87 ; -   ; 180.722,89 ; 94.054,05 ; 99.529,44 ; 92.739,82 ; 123.502,45 ; 82.715,94 ; 140.659,35 ; 77.019,09 ; -   ; 197.444,98 ; 126.530,87 ; -   ; 180.722,89 ; 94.054,05 ; 99.529,44 ; 92.739,82 ; 123.502,45 ; 90.251,88 ; -   ; 777.545,18 ; 80.929,97 ; 78.843,93 ; -   ; 119.985,99 ; 7.740,29 ; -   ; -   ; -   ; -   
Paraná;PR;0,00;0,00;148.049,54;141.822,86;145.198,75;98.653,72;101.460,76;833.288,43;133.976,71;111.828,20;143.412,82;287.842,70;76.552,73;109.536,76;115.636,33;226.414,03;120.849,96;133.773,11;123.467,37;147.110,50;140.712,53;157.527,36;157.976,71;223.798,57;113.417,57;166.827,53;139.433,07;185.973,76;206.944,99;215.610,18;215.610,18;228.243,62;238.039,30;131.980,84;201.931,19;174.837,42;181.252,70;154.803,91;165.543,71;147.311,65;288.146,01;240.273,32;186.144,83;258.765,19;167.934,52;166.337,27;160.632,80;194.903,60;366.756,11;223.126,05;163.815,11;177.122,32;222.188,81;252.036,22;438.020,34;222.571,59;218.764,47;0,00;218.953,73;648.456,26;175.422,14;206.263,24;230.119,44;226.933,61;233.267,91;289.806,73;307.340,73;380.686,11;265.330,45;206.280,11;261.054,98;224.698,33;255.595,02;214.266,11;223.065,46;256.524,53;253.170,33;344.547,51;215.943,38;238.174,22;216.191,35;260.392,05;264.675,22;450.680,87;0,00;0,00;237.021,17;283.343,64;242.988,82;264.965,33;275.038,58;285.044,08;391.523,51;342.809,22;292.993,04;381.070,97;0,00;206.989,70;545.206,08;300.839,17;261.060,64;284.698,06;36.159,80; 382.364,08 ;175.759,50;163.126,92;161.694,70;167.659,95;208.915,82;192.427,39;142.250,48;143.716,92;194.341,24;180.092,17;222.298,59;258.833,27;216.241,74;193.049,26;199.466,69;170.480,36;5.450,45;165.765,85;247.163,02;214.474,30;231.540,86;226.211,70;196.086,90;218.266,23;251.301,13;352.059,16;302.419,64;1.028.395,36;0,00;400.072,51;484.376,06;451.953,29;554.551,53;471.487,42;679.314,52;463.143,51;639.748,24;0,00;1.067.024,66;486.609,04;0,00;156.787,24;150.532,50;166.832,51;144.967,54;154.274,17;197.843,02;180.047,05;210.187,85;192.660,79;215.135,20;174.119,09;1.044.381,49;178.595,18;126.259,82;185.585,95;186.762,38;202.104,71;191.911,64;192.111,57;189.731,90;175.213,46;193.033,25;703.765,07; -   ; 559.933,15 ; 255.451,53 ; 193.209,81 ; 181.543,04 ; 179.761,82 ; 180.915,33 ; 254.157,62 ; 212.960,32 ; 262.769,86 ; 1.033.050,99 ; 965.624,17 ; 209.688,53 ; 446.045,58 ; 183.309,90 ; 196.174,62 ; 274.989,49 ; 198.327,32 ; 242.900,08 ; 306.450,71 ; 215.901,25 ; 306.272,87 ; 238.265,82 ; 393.339,83 ; 183.723,35 ; 330.452,31 ; 166.790,14 ; -   ; 432.789,45 ; 267.327,83 ; -   ; 377.589,56 ; 214.881,58 ; 220.052,27 ; 195.404,34 ; 250.905,78 ; 183.723,35 ; 330.452,31 ; 166.790,14 ; -   ; 432.789,45 ; 267.327,83 ; -   ; 377.589,56 ; 214.881,58 ; 220.052,27 ; 195.404,34 ; 250.905,78 ; 196.328,76 ; -   ; 947.477,98 ; 175.933,45 ; 173.645,15 ; -   ; 272.506,87 ; 19.749,84 ; -   ; -   ; -   ; -   
Pernambuco;PE;0,00;0,00;52.361,85;52.208,79;51.381,94;34.398,62;34.608,44;283.686,68;44.898,41;39.883,01;47.326,12;101.003,80;25.385,68;42.498,28;42.579,31;77.836,80;43.792,35;48.732,33;43.854,58;52.469,95;48.773,50;53.113,64;47.947,50;70.714,19;33.013,15;52.002,82;42.403,29;56.361,64;58.467,49;58.848,10;58.848,10;58.049,16;66.636,39;40.541,98;58.058,11;52.205,85;52.145,25;44.814,29;47.652,38;41.325,47;65.860,53;61.003,24;47.708,51;62.818,93;48.370,99;48.743,50;47.143,65;55.431,21;92.104,55;63.258,71;45.583,41;52.810,15;61.078,79;78.978,89;104.832,18;63.053,49;61.874,26;0,00;60.303,26;173.748,64;47.200,33;57.566,88;58.325,06;59.743,77;61.984,33;72.194,83;71.815,04;95.539,54;82.789,18;58.674,46;77.023,05;63.052,20;73.350,17;62.520,52;61.405,84;65.217,18;67.931,12;91.882,05;57.624,09;66.071,98;59.964,47;70.612,67;68.710,96;123.626,98;0,00;0,00;0,00;0,00;0,00;408.371,14;77.398,09;79.787,31;106.839,31;93.833,55;80.781,77;108.116,52;0,00;59.313,15;159.384,05;90.064,59;77.612,30;86.700,12;129.581,67; 141.803,63 ;113.991,37;106.750,54;104.138,33;111.181,60;133.535,79;124.946,17;88.896,44;88.745,32;113.513,77;109.716,27;128.543,41;152.859,63;133.560,46;118.090,80;116.945,51;105.526,16;5.450,45;106.830,66;138.939,78;133.545,73;141.023,41;136.957,17;117.850,58;136.138,20;159.145,46;222.362,81;185.414,30;129.525,84;0,00;128.960,31;150.624,14;135.803,55;167.541,24;143.434,01;198.029,54;152.386,80;202.395,39;0,00;337.216,48;159.272,07;0,00;69.897,37;66.658,29;76.401,46;61.362,42;69.501,14;86.379,47;82.030,32;97.484,87;93.380,15;81.675,47;75.625,68;341.384,39;78.469,84;56.735,54;84.727,12;93.645,39;101.967,09;89.865,13;93.563,19;92.035,57;86.446,14;95.037,91;201.437,84; -   ; 323.357,74 ; 121.904,41 ; 107.149,10 ; 85.368,42 ; 94.065,91 ; 90.522,38 ; 124.818,22 ; 106.579,12 ; 133.142,74 ; 297.876,37 ; 277.050,61 ; 92.116,46 ; 191.474,47 ; 93.613,52 ; 100.550,06 ; 124.599,59 ; 98.292,80 ; 112.566,09 ; 150.649,71 ; 106.774,85 ; 148.824,28 ; 116.987,58 ; 168.639,93 ; 94.471,82 ; 159.102,69 ; 89.903,85 ; -   ; 212.992,19 ; 137.329,78 ; -   ; 207.463,71 ; 106.643,66 ; 112.489,25 ; 104.663,25 ; 133.626,50 ; 94.471,82 ; 159.102,69 ; 89.903,85 ; -   ; 212.992,19 ; 137.329,78 ; -   ; 207.463,71 ; 106.643,66 ; 112.489,25 ; 104.663,25 ; 133.626,50 ; 103.131,96 ; -   ; 632.653,16 ; 92.386,02 ; 90.345,92 ; -   ; 142.717,56 ; 9.919,60 ; -   ; -   ; -   ; -   
Piauí;PI;0,00;0,00;12.994,54;14.076,82;12.920,65;8.922,02;9.386,44;62.245,70;10.992,90;9.762,96;13.105,71;25.059,86;6.202,28;11.796,57;11.816,27;18.902,71;11.697,57;14.543,56;12.931,84;16.018,85;14.936,95;16.331,67;14.426,57;20.948,53;7.821,15;15.544,40;12.935,44;16.444,49;17.456,43;17.503,82;17.503,82;18.290,30;19.364,09;12.359,35;16.901,98;16.535,64;16.294,95;16.104,88;15.661,73;14.449,61;20.038,26;19.838,45;16.196,17;21.705,92;19.069,46;18.283,36;19.879,67;20.064,19;29.053,64;21.743,00;16.571,16;20.130,51;20.025,46;26.652,13;32.538,42;22.410,54;21.982,18;0,00;21.196,35;58.101,34;21.551,23;21.390,18;20.994,30;22.198,72;22.753,31;26.936,32;27.219,36;35.695,98;60.512,59;20.301,39;34.943,98;22.773,08;25.927,03;24.071,47;22.552,03;25.690,87;24.707,04;31.478,77;22.545,27;22.478,94;23.141,48;25.354,61;24.761,90;46.997,38;0,00;0,00;26.241,47;32.755,53;26.019,65;29.930,08;30.795,34;32.545,52;41.366,81;37.623,72;34.680,02;44.092,08;0,00;24.382,10;65.944,14;33.580,52;30.826,44;31.266,80;70.606,06; 49.105,62 ;42.850,57;40.359,10;38.856,78;42.329,86;43.749,97;44.292,04;32.425,33;35.605,06;38.792,32;39.363,71;47.082,51;54.294,51;49.379,92;46.364,84;47.194,67;43.973,57;5.450,45;47.996,48;57.440,04;57.255,43;54.894,15;56.947,72;51.638,40;58.971,11;65.691,69;88.030,81;74.616,17;60.490,65;0,00;57.722,10;68.782,00;64.906,44;70.620,92;5.209,05;80.827,36;64.980,62;82.668,51;0,00;135.804,03;71.944,01;0,00;503.679,94;493.487,86;528.550,57;473.588,29;509.380,76;678.621,30;601.114,35;686.532,49;612.100,09;717.289,23;554.158,68;124.862,91;576.017,37;427.101,88;621.499,79;597.556,60;662.025,63;691.017,60;655.261,14;652.938,64;615.959,10;697.056,04;97.312,52; -   ; 1.514.302,28 ; 888.467,62 ; 657.454,86 ; 640.994,47 ; 606.123,71 ; 613.716,71 ; 932.747,78 ; 723.509,68 ; 873.498,49 ; 133.996,04 ; 116.070,72 ; 731.436,52 ; 1.267.643,01 ; 620.212,81 ; 644.077,84 ; 927.192,51 ; 670.795,17 ; 856.016,71 ; 1.149.560,31 ; 743.436,68 ; 1.071.709,73 ; 828.951,62 ; 1.455.852,15 ; 634.293,79 ; 1.016.783,99 ; 575.134,72 ; -   ; 1.517.385,94 ; 882.406,27 ; -   ; 1.310.924,70 ; 734.690,20 ; 769.225,48 ; 657.084,87 ; 808.451,14 ; 634.293,79 ; 1.016.783,99 ; 575.134,72 ; -   ; 1.517.385,94 ; 882.406,27 ; -   ; 1.310.924,70 ; 734.690,20 ; 769.225,48 ; 657.084,87 ; 808.451,14 ; 664.083,52 ; -   ; 1.363.829,17 ; 675.641,25 ; 639.600,40 ; -   ; 989.897,49 ; 68.572,37 ; -   ; -   ; -   ; -   
Rio de Janeiro;RJ;0,00;0,00;319.698,63;287.797,90;301.519,32;204.993,60;214.069,22;1.716.535,19;262.442,61;232.261,25;291.154,33;593.843,58;119.733,80;222.413,07;221.501,66;398.372,21;237.917,60;265.144,77;246.891,94;283.229,84;265.085,33;284.331,63;264.765,43;387.039,68;158.509,36;270.917,62;223.438,24;302.884,37;323.466,71;346.293,62;346.293,62;367.351,88;370.451,23;231.876,04;325.472,42;293.152,06;298.924,77;261.669,93;269.111,44;228.443,83;388.136,71;363.462,33;271.117,14;367.697,38;283.330,69;281.024,65;265.449,25;304.315,53;516.037,87;349.760,60;253.629,17;290.344,64;334.245,70;449.855,54;633.048,71;372.991,52;360.220,61;0,00;351.356,59;1.049.374,36;278.641,63;320.685,51;341.439,55;353.946,45;357.533,30;427.824,64;449.099,24;575.530,00;483.801,89;351.676,86;403.099,19;376.867,12;427.164,95;351.450,45;364.488,86;389.314,42;400.994,56;534.881,33;346.254,95;402.458,05;362.806,68;435.731,56;426.983,35;726.908,39;0,00;0,00;390.669,29;476.063,06;389.219,04;439.927,65;518.616,74;469.332,84;620.528,89;556.586,03;472.635,58;608.769,78;0,00;331.195,37;876.178,58;490.894,83;414.550,97;464.298,24;543.357,98; 716.214,28 ;574.820,65;545.829,74;527.510,60;537.611,55;692.403,51;645.499,98;458.438,25;483.717,80;613.919,34;610.147,21;756.734,19;859.965,54;769.350,92;668.740,93;651.209,45;549.423,12;5.450,45;545.962,85;771.591,64;714.029,91;712.204,15;732.114,91;641.089,24;711.051,32;835.700,14;1.209.583,38;1.012.538,97;643.212,71;0,00;622.175,57;761.009,31;706.561,31;869.408,38;831.850,99;1.120.610,41;759.576,59;1.033.688,98;0,00;1.712.343,23;785.724,26;0,00;778.746,26;734.886,27;817.734,93;717.485,88;787.261,75;1.018.678,77;970.689,78;1.109.157,04;945.602,79;1.127.596,25;849.778,66;1.600.391,33;901.694,71;601.768,85;949.006,46;899.987,51;998.052,03;1.024.830,41;983.822,83;1.004.238,85;888.518,93;1.033.561,40;1.029.347,39; -   ; 2.519.088,65 ; 1.282.965,86 ; 928.302,35 ; 928.582,53 ; 873.223,59 ; 868.930,19 ; 1.341.908,57 ; 1.071.980,49 ; 1.296.531,17 ; 1.548.766,50 ; 1.380.421,24 ; 1.101.084,77 ; 1.858.174,38 ; 871.468,22 ; 922.479,25 ; 1.295.109,66 ; 938.307,06 ; 1.195.527,13 ; 1.575.339,02 ; 1.037.615,64 ; 1.478.398,98 ; 1.096.067,68 ; 1.896.107,74 ; 839.651,73 ; 1.256.906,15 ; 745.523,39 ; -   ; 1.918.092,38 ; 1.127.836,75 ; -   ; 1.657.303,63 ; 973.062,16 ; 990.454,07 ; 834.875,62 ; 1.001.827,02 ; 839.651,73 ; 1.256.906,15 ; 745.523,39 ; -   ; 1.918.092,38 ; 1.127.836,75 ; -   ; 1.657.303,63 ; 973.062,16 ; 990.454,07 ; 834.875,62 ; 1.001.827,02 ; 847.787,61 ; -   ; 2.446.331,22 ; 815.907,58 ; 772.829,92 ; -   ; 1.198.836,45 ; 98.321,24 ; -   ; -   ; -   ; -   
Rio Grande do Norte;RN;0,00;0,00;20.023,94;20.201,18;19.943,11;13.182,27;13.916,20;102.684,49;17.464,90;15.619,79;18.259,73;37.907,42;9.629,68;16.924,83;17.390,55;29.259,76;17.825,35;19.830,18;18.585,12;21.534,27;20.825,87;23.183,73;20.943,70;30.354,15;13.505,59;22.154,42;17.933,23;23.605,95;24.560,88;25.064,83;25.064,83;26.804,03;29.442,79;17.893,11;25.981,95;23.490,96;23.369,35;20.288,65;22.109,89;19.808,96;31.727,58;28.329,98;21.790,88;30.933,26;24.313,18;22.824,42;22.384,63;25.696,69;43.231,61;29.500,11;21.870,89;24.303,33;27.145,31;35.264,32;46.922,27;29.069,69;28.262,28;0,00;28.553,25;79.628,70;22.317,17;27.558,67;28.491,69;29.231,41;30.376,01;34.505,70;35.202,77;59.258,41;114.214,58;28.026,56;38.433,71;28.957,52;33.960,48;29.497,29;28.899,89;30.837,57;30.965,54;38.386,65;26.245,63;27.780,68;26.281,49;29.816,41;30.208,59;54.628,55;0,00;0,00;29.691,17;35.899,36;29.794,90;33.776,56;34.959,57;36.433,78;48.355,40;44.843,73;37.195,31;47.745,60;0,00;25.748,13;74.244,07;39.741,90;33.484,93;36.250,20;76.405,80; 63.632,17 ;52.404,55;47.268,11;44.207,01;47.763,48;54.757,63;51.425,85;37.227,34;37.758,49;46.924,78;44.670,45;55.684,80;66.358,69;57.059,53;50.547,94;50.924,40;45.667,30;5.450,45;48.965,06;67.119,59;60.649,12;60.560,74;57.805,32;52.282,13;61.674,55;70.793,96;100.442,56;81.595,35;58.689,96;0,00;55.786,13;65.764,44;61.157,20;75.405,48;62.856,77;88.547,13;70.353,04;90.352,97;0,00;143.395,46;70.205,82;0,00;66.221,13;66.121,06;72.769,94;59.731,30;64.354,48;83.835,92;81.433,65;96.819,60;94.283,71;82.981,85;73.017,38;128.683,85;72.940,52;54.789,15;80.746,01;86.028,62;93.476,48;82.137,94;82.174,08;80.390,14;75.980,93;79.496,31;81.487,38; -   ; 408.061,70 ; 107.663,63 ; 94.352,20 ; 78.420,32 ; 84.910,71 ; 82.705,93 ; 113.989,68 ; 99.514,67 ; 122.426,38 ; 122.578,87 ; 109.110,18 ; 83.100,96 ; 184.163,26 ; 77.731,91 ; 83.164,90 ; 109.406,42 ; 84.441,03 ; 96.575,10 ; 128.566,44 ; 91.747,22 ; 131.878,33 ; 105.396,74 ; 157.345,65 ; 79.569,40 ; 138.831,30 ; 74.397,30 ; -   ; 188.896,50 ; 122.430,08 ; -   ; 173.382,35 ; 91.180,41 ; 93.685,11 ; 88.780,58 ; 118.845,34 ; 79.569,40 ; 138.831,30 ; 74.397,30 ; -   ; 188.896,50 ; 122.430,08 ; -   ; 173.382,35 ; 91.180,41 ; 93.685,11 ; 88.780,58 ; 118.845,34 ; 87.772,66 ; -   ; 521.798,37 ; 76.976,58 ; 75.298,48 ; -   ; 115.934,92 ; 7.482,37 ; -   ; -   ; -   ; -   
Rio Grande do Sul;RS;0,00;0,00;129.055,36;130.949,21;137.426,99;89.509,30;92.065,75;721.802,25;119.190,89;96.141,07;119.034,86;235.920,01;82.393,93;99.207,49;98.115,47;202.220,73;107.564,75;120.947,09;108.433,55;129.038,83;120.387,99;132.012,88;120.794,01;177.516,10;94.395,91;129.211,62;108.388,60;156.175,94;161.081,41;158.782,92;158.782,92;172.396,12;191.370,16;110.240,60;167.587,53;148.195,33;149.716,54;129.959,69;128.876,43;118.339,62;236.580,23;196.552,05;158.856,62;219.536,71;147.288,29;143.583,40;139.220,22;166.182,98;306.415,48;187.139,92;133.644,38;151.759,75;194.792,63;240.522,84;346.299,84;193.057,89;190.681,32;0,00;200.702,95;596.573,99;156.951,14;174.346,30;193.446,61;199.698,79;206.978,07;252.780,74;278.138,17;356.939,32;241.072,35;187.048,95;238.849,88;203.757,91;233.710,68;189.381,57;191.373,36;217.185,14;223.908,52;311.313,03;195.802,85;219.268,91;194.556,99;238.055,69;241.413,33;411.491,09;0,00;0,00;204.604,78;261.224,71;221.877,71;242.651,39;243.125,42;249.938,16;342.267,42;304.163,18;256.867,35;338.688,62;0,00;182.473,01;479.557,85;277.099,32;241.433,64;262.656,08;312.446,61; 433.535,49 ;327.313,47;292.629,30;297.013,66;299.212,46;368.195,42;336.581,84;245.537,62;257.787,39;336.316,62;316.579,07;378.189,13;424.800,37;362.289,74;328.144,09;344.790,92;295.058,91;615.948,06;286.799,36;400.148,90;373.312,27;398.787,29;380.109,80;344.392,89;370.484,52;419.161,68;606.276,84;544.368,51;359.340,30;0,00;342.058,95;407.820,85;398.038,31;490.851,20;405.925,59;577.670,57;403.885,64;553.923,74;0,00;941.131,45;435.479,88;0,00;62.296,09;66.838,48;72.671,60;61.237,02;65.425,96;83.759,84;79.692,56;95.992,37;92.443,98;85.802,73;71.669,21;833.062,30;68.878,83;57.166,65;82.615,47;86.080,84;93.533,32;85.306,49;83.577,75;80.119,37;80.941,60;84.098,76;540.170,09; -   ; 390.300,79 ; 117.872,87 ; 98.817,60 ; 80.557,83 ; 82.730,66 ; 84.851,99 ; 115.921,35 ; 97.524,30 ; 128.960,36 ; 814.318,48 ; 737.973,54 ; 81.364,45 ; 193.219,44 ; 79.681,36 ; 88.552,89 ; 118.506,18 ; 85.531,64 ; 98.952,11 ; 128.810,59 ; 87.269,76 ; 131.590,55 ; 104.326,32 ; 162.213,97 ; 83.731,67 ; 141.541,92 ; 73.291,88 ; -   ; 195.248,59 ; 125.952,08 ; -   ; 177.430,26 ; 89.691,65 ; 99.232,43 ; 90.562,73 ; 120.452,05 ; 83.731,67 ; 141.541,92 ; 73.291,88 ; -   ; 195.248,59 ; 125.952,08 ; -   ; 177.430,26 ; 89.691,65 ; 99.232,43 ; 90.562,73 ; 120.452,05 ; 91.600,12 ; -   ; 1.643.638,32 ; 82.349,49 ; 81.166,77 ; -   ; 120.638,86 ; 6.678,86 ; -   ; -   ; -   ; -   
Rondônia;RO;0,00;0,00;13.276,73;17.973,94;16.257,06;9.191,97;9.985,06;82.202,85;13.925,49;11.213,81;15.825,04;29.964,21;8.399,14;10.797,32;12.066,23;24.096,47;12.290,30;13.719,36;12.340,11;14.872,37;13.075,09;14.507,46;13.435,10;19.861,35;9.208,23;14.747,17;13.070,58;17.759,52;19.645,32;17.813,12;17.813,12;18.388,10;20.839,68;13.347,19;20.445,09;17.135,39;17.798,76;14.630,01;16.047,77;13.631,12;23.306,06;20.369,46;16.216,01;23.170,11;15.683,55;16.175,93;15.305,03;17.769,83;31.362,88;19.938,82;15.288,30;17.743,76;21.229,41;27.128,87;37.052,85;20.934,42;20.940,31;0,00;20.064,38;61.623,38;19.006,15;19.020,49;21.074,14;20.670,40;21.391,55;26.874,33;27.998,12;37.123,44;53.233,34;19.862,99;42.971,38;22.427,12;27.299,75;21.760,95;23.144,61;26.311,76;25.633,46;33.982,57;20.860,44;21.587,94;20.577,78;24.485,76;25.588,59;43.936,21;0,00;0,00;24.328,35;29.051,20;23.628,41;26.190,20;26.044,02;27.347,95;39.783,56;39.301,66;32.923,55;42.134,98;0,00;26.343,94;60.785,91;33.323,89;28.302,65;31.205,93;69.790,69; 56.049,19 ;47.505,58;42.565,72;39.697,00;42.159,91;50.899,81;44.852,84;32.072,37;32.139,89;44.488,70;41.931,08;52.086,32;62.145,37;51.933,59;43.657,74;44.662,98;38.643,28;5.450,45;41.075,78;63.101,60;54.843,80;58.128,18;54.536,79;48.018,14;54.784,52;64.705,74;94.891,11;76.895,70;51.824,71;0,00;52.592,06;67.089,13;64.132,24;78.717,71;62.418,75;90.048,01;65.865,01;87.955,28;0,00;138.661,43;68.021,83;0,00;17.048,63;18.977,50;20.626,37;15.694,45;18.535,80;24.083,44;28.289,24;39.970,91;44.330,98;23.080,64;22.691,15;132.203,31;18.539,28;17.204,82;25.748,08;33.517,18;38.497,68;24.338,41;24.679,08;25.021,78;24.769,09;25.412,51;85.028,35; -   ; 244.630,26 ; 39.758,24 ; 42.770,45 ; 26.200,79 ; 33.006,72 ; 32.868,67 ; 36.693,64 ; 40.814,31 ; 53.011,70 ; 123.585,01 ; 112.701,10 ; 15.540,28 ; 69.407,48 ; 24.180,44 ; 29.538,46 ; 36.025,63 ; 28.706,39 ; 29.025,96 ; 36.589,39 ; 27.928,40 ; 43.240,88 ; 42.123,23 ; 48.585,17 ; 26.248,42 ; 45.012,73 ; 22.649,02 ; -   ; 63.664,97 ; 51.218,49 ; -   ; 61.945,87 ; 27.181,49 ; 29.420,07 ; 32.743,27 ; 52.688,62 ; 26.248,42 ; 45.012,73 ; 22.649,02 ; -   ; 63.664,97 ; 51.218,49 ; -   ; 61.945,87 ; 27.181,49 ; 29.420,07 ; 32.743,27 ; 52.688,62 ; 33.267,56 ; -   ; 1.380.207,91 ; 24.161,32 ; 25.036,23 ; -   ; 35.549,47 ; 1.231,49 ; -   ; -   ; -   ; -   
Roraima;RR;0,00;0,00;2.615,24;3.658,31;2.635,45;1.982,85;1.919,80;16.825,46;2.650,60;2.483,90;3.018,86;6.232,04;1.467,74;2.355,21;2.352,60;4.105,20;2.638,06;3.038,35;2.520,67;3.014,57;2.660,66;3.150,52;2.627,53;3.918,25;1.726,06;3.102,12;2.662,02;3.713,16;4.039,15;4.320,21;4.320,21;4.450,29;5.097,49;2.717,25;4.614,66;3.798,77;3.805,34;3.292,88;3.838,46;3.283,70;6.180,99;5.284,48;4.049,25;5.670,44;3.613,51;3.507,58;3.249,89;3.885,80;7.460,22;4.607,85;3.359,87;3.613,14;4.160,01;5.676,31;9.600,60;4.283,83;4.430,47;0,00;4.242,26;13.624,49;4.429,34;3.889,21;4.291,10;4.479,28;4.523,35;5.310,23;5.566,83;8.603,47;38.648,14;4.208,05;47.705,72;4.539,88;5.708,51;4.307,33;4.669,74;5.197,51;5.256,26;6.929,31;4.323,85;4.782,13;4.396,09;5.166,00;5.067,20;8.987,08;0,00;0,00;5.142,01;6.211,92;5.017,73;5.525,08;6.295,68;6.280,83;9.747,44;8.690,31;6.712,35;9.046,29;0,00;5.439,37;12.078,46;6.897,06;5.602,29;6.225,62;43.090,26; 15.672,60 ;15.256,37;12.610,32;11.321,13;11.727,56;10.026,45;9.411,42;6.640,04;6.753,21;8.652,50;8.191,13;10.173,21;11.976,07;9.932,56;8.585,04;8.973,70;7.917,98;5.450,45;12.328,46;15.192,97;13.841,55;14.857,78;14.384,35;13.044,93;16.281,71;19.898,95;26.503,43;20.217,83;15.492,52;0,00;13.434,11;16.217,46;16.834,02;20.646,78;16.304,11;22.060,33;21.010,25;28.166,58;0,00;37.394,42;21.472,46;0,00;439.524,40;428.220,90;463.851,50;416.741,27;443.706,75;554.434,14;480.357,85;550.809,83;484.420,97;589.152,75;466.123,74;31.697,26;474.566,55;322.654,80;519.845,53;507.897,06;552.888,29;557.208,12;545.051,92;543.980,35;470.716,29;555.483,14;23.737,87; -   ; 1.372.428,72 ; 618.254,30 ; 513.053,57 ; 489.428,71 ; 479.864,02 ; 478.006,56 ; 719.464,76 ; 592.068,17 ; 685.218,73 ; 38.292,64 ; 32.659,40 ; 592.194,73 ; 952.831,83 ; 476.908,22 ; 522.498,11 ; 728.135,42 ; 526.774,89 ; 659.957,38 ; 843.618,43 ; 586.215,31 ; 816.992,61 ; 649.483,70 ; 1.078.945,63 ; 497.944,20 ; 711.906,01 ; 444.306,99 ; -   ; 1.178.496,02 ; 680.220,80 ; -   ; 995.808,45 ; 576.296,88 ; 545.661,28 ; 507.409,28 ; 624.240,18 ; 497.944,20 ; 711.906,01 ; 444.306,99 ; -   ; 1.178.496,02 ; 680.220,80 ; -   ; 995.808,45 ; 576.296,88 ; 545.661,28 ; 507.409,28 ; 624.240,18 ; 501.531,89 ; -   ; 1.534.122,22 ; 482.758,90 ; 471.877,44 ; -   ; 737.692,61 ; 62.072,35 ; -   ; -   ; -   ; -   
Santa Catarina;SC;0,00;0,00;81.709,46;87.368,99;89.422,35;57.624,59;59.765,00;464.057,95;74.729,29;66.986,41;84.695,94;169.719,54;53.903,82;73.707,08;75.742,63;153.072,62;78.078,39;86.028,26;77.632,24;92.185,75;83.804,41;94.821,35;85.869,65;126.898,02;56.925,69;94.482,47;79.937,95;103.502,42;113.210,89;117.435,46;117.435,46;132.270,65;133.851,22;78.466,31;120.908,23;106.187,74;103.660,26;92.909,44;96.860,98;89.202,68;157.222,96;133.736,74;104.701,67;144.159,15;97.021,33;96.639,76;91.388,37;106.650,32;194.824,69;139.992,85;99.847,35;104.513,04;132.782,89;178.960,76;266.094,54;129.543,37;127.007,03;0,00;128.661,71;392.422,05;113.008,27;123.496,64;138.477,22;132.664,92;132.177,53;158.738,13;168.294,82;219.623,90;151.925,59;118.975,31;173.521,18;131.817,97;146.742,47;128.121,54;130.473,25;139.951,63;139.674,72;180.343,21;118.927,23;135.174,34;120.996,00;144.687,74;147.388,83;251.860,43;0,00;0,00;140.308,36;157.576,22;133.694,02;141.888,73;146.131,05;155.262,08;218.457,04;205.533,58;175.396,56;223.909,45;0,00;129.576,50;353.403,31;190.572,34;161.523,31;174.101,08;224.118,17; 294.324,95 ;228.786,60;212.696,86;209.335,13;208.395,79;259.916,66;259.505,89;192.824,32;187.685,90;245.547,61;228.976,96;279.378,29;328.436,33;276.336,83;246.280,22;259.237,57;220.467,43;462.563,72;224.043,83;344.908,77;282.074,07;295.956,09;280.703,84;247.612,43;272.613,50;314.725,68;481.936,81;398.350,65;256.996,10;0,00;260.437,46;315.003,76;293.409,27;357.056,48;290.508,03;414.276,73;291.844,47;406.809,11;0,00;679.086,25;305.392,52;0,00;323.618,94;329.408,18;335.495,38;298.964,03;312.398,63;397.386,04;350.525,59;401.180,95;362.451,48;423.193,20;339.329,17;635.502,17;375.904,35;283.153,50;389.630,61;372.933,98;404.375,32;409.611,09;394.818,08;385.370,49;362.802,74;400.914,42;398.059,04; -   ; 981.450,23 ; 483.885,57 ; 389.804,68 ; 363.666,23 ; 352.517,05 ; 351.007,91 ; 518.351,81 ; 406.233,96 ; 500.738,24 ; 578.961,43 ; 532.242,20 ; 425.372,04 ; 758.053,00 ; 369.471,99 ; 374.468,39 ; 516.047,64 ; 372.842,92 ; 458.164,58 ; 597.987,43 ; 409.666,29 ; 591.789,27 ; 448.029,71 ; 733.613,12 ; 356.634,76 ; 561.425,40 ; 335.179,04 ; -   ; 862.668,90 ; 490.931,95 ; -   ; 718.994,87 ; 401.295,03 ; 417.152,57 ; 368.858,74 ; 456.425,71 ; 356.634,76 ; 561.425,40 ; 335.179,04 ; -   ; 862.668,90 ; 490.931,95 ; -   ; 718.994,87 ; 401.295,03 ; 417.152,57 ; 368.858,74 ; 456.425,71 ; 374.621,88 ; -   ; 912.445,91 ; 374.004,86 ; 364.224,70 ; -   ; 552.416,41 ; 36.992,44 ; -   ; -   ; -   ; -   
São Paulo;SP;0,00;0,00;846.367,43;834.097,66;853.001,51;561.391,76;575.682,53;4.678.774,02;736.971,24;638.636,94;783.345,35;1.556.320,87;384.030,51;658.411,37;674.167,55;1.193.432,69;706.158,85;787.325,52;715.042,59;834.405,20;788.859,79;862.460,37;803.159,82;1.169.494,34;535.751,45;841.000,01;720.873,14;947.436,10;1.036.628,41;1.105.274,12;1.105.274,12;1.163.243,82;1.144.246,41;709.377,95;1.018.950,35;904.618,27;913.055,91;792.861,75;836.028,96;774.637,35;1.378.952,87;1.197.073,88;881.099,42;1.151.179,02;878.875,00;878.777,70;865.236,89;1.006.470,00;1.700.033,82;1.117.700,73;860.535,82;963.838,03;1.086.707,25;1.409.174,51;1.899.891,44;1.110.898,89;1.130.983,08;0,00;1.107.707,05;3.198.574,08;932.773,68;1.046.014,95;1.119.706,25;1.110.051,89;1.128.652,74;1.366.110,03;1.443.779,25;1.693.283,49;1.238.004,93;1.092.268,15;1.210.686,24;1.156.799,04;1.300.198,28;1.115.994,40;1.130.233,05;1.254.366,99;1.238.871,96;1.623.738,67;1.062.804,59;1.210.581,86;1.120.977,54;1.330.410,06;1.360.067,43;2.238.498,54;0,00;0,00;1.231.240,94;1.450.382,47;1.219.709,26;1.338.081,63;1.428.441,73;1.455.258,72;2.053.704,63;1.815.559,24;1.528.344,34;1.968.867,36;0,00;1.083.425,72;2.830.937,04;1.547.017,55;1.331.464,28;1.323.505,32;1.625.456,93; 2.222.994,24 ;1.763.543,81;1.680.077,34;1.650.734,98;1.712.667,00;2.194.279,19;2.016.019,57;1.500.233,72;1.519.246,97;1.976.129,30;1.885.083,78;2.384.541,46;2.672.482,78;2.349.319,86;2.069.345,05;2.111.361,12;1.808.296,25;3.763.218,05;1.766.073,78;2.646.472,57;2.296.461,99;2.396.763,44;2.343.437,21;2.013.449,45;2.174.990,11;2.642.183,61;3.864.570,90;3.288.681,06;2.097.857,02;0,00;2.086.477,69;2.490.977,12;2.350.964,65;2.821.091,91;2.448.367,91;3.466.725,41;2.334.557,83;3.245.459,64;0,00;5.541.034,83;2.508.840,53;0,00;75.138,82;71.298,13;80.064,99;69.637,32;73.302,62;88.829,25;89.562,63;107.624,86;107.285,87;98.140,42;84.966,49;5.077.985,08;83.880,97;61.156,13;93.377,14;96.346,94;103.091,85;88.570,28;92.621,27;91.121,22;92.142,48;94.132,65;3.270.251,04; -   ; 353.561,55 ; 115.746,07 ; 102.490,41 ; 82.482,10 ; 91.809,49 ; 88.196,53 ; 116.259,89 ; 105.771,86 ; 130.205,16 ; 4.931.685,67 ; 4.406.308,81 ; 95.841,42 ; 194.585,57 ; 88.043,22 ; 93.354,35 ; 118.298,37 ; 88.728,71 ; 100.658,83 ; 128.015,52 ; 98.506,34 ; 143.696,05 ; 113.489,16 ; 154.951,01 ; 81.262,85 ; 134.915,51 ; 75.767,83 ; -   ; 185.059,04 ; 118.699,83 ; -   ; 166.934,94 ; 88.651,89 ; 93.494,62 ; 89.016,90 ; 116.627,21 ; 81.262,85 ; 134.915,51 ; 75.767,83 ; -   ; 185.059,04 ; 118.699,83 ; -   ; 166.934,94 ; 88.651,89 ; 93.494,62 ; 89.016,90 ; 116.627,21 ; 86.135,92 ; -   ; 544.696,31 ; 75.099,15 ; 75.535,40 ; -   ; 115.054,34 ; 6.913,45 ; -   ; -   ; -   ; -   
Sergipe;SE;0,00;0,00;16.820,36;19.962,74;20.391,85;12.836,29;12.747,77;83.183,19;15.295,15;14.132,69;16.093,99;32.796,44;6.567,75;15.628,43;14.485,54;22.840,32;14.988,16;17.192,15;15.415,09;18.739,80;19.112,39;21.837,20;19.417,53;27.639,63;11.743,52;20.677,53;16.823,60;21.881,12;23.187,79;27.185,38;27.185,38;29.117,71;29.892,33;18.739,59;25.346,44;24.020,87;22.554,67;20.600,27;20.278,26;18.810,09;28.074,77;25.982,57;19.546,47;27.877,13;23.976,89;23.295,61;24.621,98;26.552,57;38.832,03;29.297,78;23.033,85;27.800,43;28.811,40;36.379,34;42.963,33;30.996,98;31.246,73;0,00;29.608,35;79.186,90;21.429,97;30.773,40;28.730,60;31.358,17;29.887,56;34.155,02;34.229,63;102.171,78;44.814,52;30.661,55;53.376,39;31.343,77;35.592,83;33.692,15;29.713,27;35.418,80;34.445,40;41.913,92;29.490,87;31.579,24;33.371,00;81.695,23;84.844,17;151.024,34;0,00;0,00;81.646,61;100.824,23;82.831,26;91.588,99;37.928,81;41.831,43;51.051,81;47.790,56;45.567,61;55.188,00;0,00;29.045,68;79.589,72;42.305,78;36.244,40;38.699,71;77.145,47; 58.308,04 ;53.436,07;51.499,48;48.851,12;50.679,17;53.792,42;54.450,04;40.515,32;43.448,84;46.473,27;47.077,47;53.532,02;60.783,36;59.615,76;53.436,05;53.110,87;48.270,22;5.450,45;51.761,53;60.322,64;59.657,37;61.043,96;62.029,55;55.051,10;64.362,59;72.191,59;94.163,22;77.971,97;60.892,46;0,00;61.373,78;68.621,21;61.388,54;73.347,32;64.187,40;82.683,24;70.109,75;90.887,91;0,00;161.921,03;76.393,56;581.589,76;2.555.053,35;2.520.343,04;2.691.702,78;2.390.231,31;2.548.372,55;3.266.934,66;2.760.525,30;3.206.676,45;2.871.916,62;3.462.237,92;2.650.131,92;133.938,24;2.935.489,37;2.075.101,80;3.073.566,31;2.889.758,53;3.131.332,85;3.381.899,16;3.112.155,34;3.102.105,66;2.937.414,21;3.314.764,16;90.260,79; -   ; 8.299.568,22 ; 4.041.234,62 ; 3.050.371,43 ; 3.040.544,38 ; 2.835.786,50 ; 2.767.853,76 ; 4.235.498,03 ; 3.315.249,60 ; 4.118.351,83 ; 129.682,50 ; 121.490,10 ; 3.503.861,61 ; 5.735.637,79 ; 2.902.050,73 ; 2.974.050,43 ; 4.233.372,69 ; 2.997.675,73 ; 3.744.864,91 ; 4.907.826,31 ; 3.346.167,72 ; 4.805.829,91 ; 3.537.790,68 ; 5.843.516,71 ; 2.745.501,97 ; 4.337.337,13 ; 2.505.371,45 ; -   ; 6.512.121,37 ; 3.731.729,75 ; -   ; 5.623.506,77 ; 3.097.795,83 ; 3.270.955,72 ; 2.755.624,89 ; 3.293.377,53 ; 2.745.501,97 ; 4.337.337,13 ; 2.505.371,45 ; -   ; 6.512.121,37 ; 3.731.729,75 ; -   ; 5.623.506,77 ; 3.097.795,83 ; 3.270.955,72 ; 2.755.624,89 ; 3.293.377,53 ; 2.770.857,89 ; -   ; 5.317.571,67 ; 2.745.149,70 ; 2.625.955,61 ; -   ; 4.144.498,71 ; 315.458,21 ; -   ; -   ; -   ; -   
Tocantins;TO;0,00;0,00;7.508,66;11.092,02;10.663,56;6.319,88;6.385,61;43.665,21;7.524,79;6.631,54;8.439,51;17.926,58;4.818,22;8.986,06;8.713,81;16.131,23;9.583,50;10.629,96;9.024,60;10.248,71;10.059,09;11.430,97;10.292,24;15.072,74;6.228,19;11.560,07;9.536,43;12.237,46;13.235,56;14.027,24;14.027,24;14.836,39;15.277,10;9.544,29;13.445,60;12.981,34;12.576,09;12.216,25;12.386,00;11.081,33;18.560,54;16.044,26;11.740,47;15.924,57;12.823,72;12.249,88;13.781,91;15.497,24;23.814,86;17.086,14;14.192,43;16.694,79;16.906,53;21.332,76;26.793,48;16.916,15;17.086,35;0,00;16.040,57;46.606,54;13.807,08;17.439,38;17.451,88;18.234,08;18.244,95;21.436,81;20.764,81;27.453,14;125.067,92;16.348,36;175.470,81;18.028,20;20.678,16;18.582,98;17.527,10;21.479,30;20.111,92;24.707,51;16.860,81;16.581,94;17.715,97;18.684,32;20.395,29;35.948,65;0,00;0,00;20.794,72;24.474,06;21.085,84;23.174,87;22.171,26;24.441,84;31.294,79;27.499,01;24.835,99;31.816,51;0,00;16.973,55;47.322,72;26.071,09;22.876,16;24.187,35;63.503,18; 40.760,91 ;35.652,57;31.299,86;31.064,27;32.843,45;35.685,50;33.502,63;25.311,44;26.394,94;31.219,26;30.415,32;35.705,15;40.908,21;36.720,09;32.012,04;33.947,36;31.726,73;5.450,45;36.799,32;48.295,32;45.870,05;46.402,86;44.360,86;39.859,42;44.643,75;51.496,01;67.356,88;54.894,02;44.299,01;0,00;42.982,30;49.755,92;48.022,72;55.673,94;45.745,70;61.236,39;50.931,87;67.924,72;0,00;107.305,98;55.865,51;0,00;56.132,36;55.574,52;60.158,13;49.562,79;53.938,61;64.468,56;66.562,89;84.965,87;83.278,38;72.247,01;63.351,59;101.303,29;62.407,25;48.621,71;69.836,98;75.848,28;80.840,86;67.583,46;69.070,55;68.427,55;66.231,58;71.892,39;71.907,07; -   ; 318.487,19 ; 92.281,83 ; 84.550,05 ; 65.743,89 ; 71.602,93 ; 70.966,31 ; 91.637,83 ; 83.608,99 ; 102.657,72 ; 99.519,22 ; 87.146,66 ; 66.514,64 ; 147.473,51 ; 69.151,10 ; 75.186,16 ; 93.891,72 ; 71.636,19 ; 78.032,73 ; 101.034,51 ; 75.630,47 ; 105.820,19 ; 87.430,08 ; 125.269,31 ; 74.012,01 ; 121.528,43 ; 69.227,85 ; -   ; 175.426,79 ; 116.216,19 ; -   ; 166.363,38 ; 82.399,61 ; 87.036,15 ; 80.417,93 ; 107.848,35 ; 74.012,01 ; 121.528,43 ; 69.227,85 ; -   ; 175.426,79 ; 116.216,19 ; -   ; 166.363,38 ; 82.399,61 ; 87.036,15 ; 80.417,93 ; 107.848,35 ; 82.499,76 ; -   ; 611.035,56 ; 76.056,89 ; 74.881,75 ; -   ; 111.205,69 ; 5.738,77 ; -   ; -   ; -   ; -   
;;;;;;;;;;;;;;;;;;;;;;;;;;;;;;;;;;;;;;;;;;;;;;;;;;;;;;;;;;;;;;;;;;;;;;;;;;;;;;;;;;;;;;;;;;;;;;;;;;;;;;;;;;;;;;;;;;;;;;;;;;;;;;;;;;;;;;;;;;;;;;;;;;;;;;;;;;;;;;;;;;;;;;;;;;;;;;;;;;;;;;;;;;;;;;;;;;;;;;;;;;;;;;;;;;;;;;;;;;;;;;;;;;;;;
;; -   ; -   ; 2.489.983,39 ; 2.508.397,38 ; 2.558.416,05 ; 1.682.441,03 ; 1.734.127,05 ; 13.570.203,56 ; 2.219.984,75 ; 1.897.470,63 ; 2.363.520,84 ; 4.717.305,26 ; 1.206.227,86 ; 1.979.550,80 ; 2.016.045,92 ; 3.657.133,28 ; 2.111.738,74 ; 2.368.904,57 ; 2.141.212,26 ; 2.514.780,25 ; 2.363.271,77 ; 2.610.536,93 ; 2.414.771,30 ; 3.518.073,96 ; 1.604.258,25 ; 2.554.861,78 ; 2.143.486,14 ; 2.850.242,72 ; 3.070.332,48 ; 3.174.609,95 ; 3.174.611,03 ; 3.580.498,19 ; 3.502.099,96 ; 2.184.028,52 ; 3.036.789,39 ; 2.778.169,06 ; 2.769.860,52 ; 2.488.579,27 ; 2.569.841,56 ; 2.324.499,06 ; 4.007.152,16 ; 3.542.559,40 ; 2.687.730,93 ; 3.615.585,68 ; 2.693.300,59 ; 2.666.809,65 ; 2.609.277,79 ; 3.029.821,39 ; 5.117.767,96 ; 3.429.053,90 ; 2.589.541,80 ; 2.932.727,96 ; 3.334.188,69 ; 4.310.468,01 ; 5.904.605,07 ; 3.471.520,09 ; 3.462.080,42 ; -   ; 3.395.111,96 ; 9.863.329,13 ; 2.773.323,83 ; 3.234.184,08 ; 3.409.457,05 ; 3.468.212,75 ; 3.526.000,80 ; 4.230.231,52 ; 4.435.041,04 ; 5.511.636,35 ; 4.316.992,96 ; 3.326.751,48 ; 4.144.541,54 ; 3.572.901,86 ; 4.068.113,72 ; 3.489.850,36 ; 3.490.894,63 ; 3.895.197,07 ; 3.860.287,92 ; 5.046.403,35 ; 3.317.139,83 ; 3.735.645,01 ; 3.495.403,30 ; 4.086.805,93 ; 4.138.611,99 ; 7.037.243,56 ; -   ; -   ; 3.756.170,29 ; 4.488.831,08 ; 3.761.001,85 ; 4.554.547,63 ; 4.440.681,74 ; 4.522.075,73 ; 6.153.164,32 ; 5.490.903,94 ; 4.701.842,96 ; 6.068.394,64 ; -   ; 3.318.300,96 ; 8.776.505,51 ; 4.825.855,53 ; 4.154.532,11 ; 4.388.444,33 ; 5.596.053,93 ; 6.976.291,30 ; 5.480.238,19 ; 5.150.950,98 ; 5.072.455,83 ; 5.284.358,67 ; 6.403.614,50 ; 5.970.294,57 ; 4.775.584,78 ; 4.615.366,67 ; 5.849.195,44 ; 5.619.197,60 ; 6.938.838,14 ; 7.906.856,86 ; 6.892.229,89 ; 5.997.804,76 ; 6.093.211,13 ; 5.956.398,07 ; 4.907.135,23 ; 5.309.836,32 ; 7.614.146,68 ; 6.906.677,27 ; 7.111.059,60 ; 6.988.411,51 ; 6.093.292,90 ; 6.749.075,70 ; 7.933.746,00 ; 11.319.175,73 ; 9.578.487,58 ; 7.216.795,46 ; -   ; 6.553.970,15 ; 7.788.022,21 ; 7.312.315,10 ; 8.835.948,86 ; 7.600.002,56 ; 10.676.443,58 ; 7.551.610,31 ; 10.274.307,45 ; -   ; 17.294.621,99 ; 8.030.867,80 ; 581.589,76 ; 8.125.085,92 ; 7.930.563,24 ; 8.646.949,71 ; 7.571.151,29 ; 8.092.034,83 ; 10.384.351,46 ; 9.236.545,04 ; 10.630.547,28 ; 9.604.403,19 ; 10.925.922,99 ; 8.678.649,39 ; 16.256.203,35 ; 9.273.531,32 ; 6.582.875,89 ; 9.855.428,86 ; 9.532.859,61 ; 10.353.509,65 ; 10.561.190,35 ; 10.164.809,74 ; 10.038.163,24 ; 9.439.319,28 ; 10.538.270,56 ; 10.514.921,47 ; -   ; 27.041.098,47 ; 13.199.045,14 ; 10.170.900,45 ; 9.691.603,15 ; 9.381.191,56 ; 8.254.625,65 ; 14.781.790,09 ; 11.031.289,93 ; 13.566.975,32 ; 15.639.968,62 ; 14.163.714,29 ;#REF!; 19.827.192,94 ; 9.496.283,35 ; 9.949.221,21 ; 13.753.638,97 ; 9.983.221,79 ; 12.261.835,84 ; 16.155.410,64 ; 11.001.059,26 ; 15.782.963,51 ; 11.870.110,01 ; 18.603.227,81 ; 9.353.799,50 ; 15.181.460,39 ; 8.594.920,51 ; -   ; 22.278.295,59 ; 13.093.314,91 ; -   ; 19.448.946,84 ; 10.691.605,58 ; 11.188.599,67 ; 9.678.496,93 ; 11.875.824,92 ; 9.353.799,50 ; 15.181.460,39 ; 8.594.920,51 ; -   ; 22.278.295,59 ; 13.093.314,91 ; -   ; 19.448.946,84 ; 10.691.605,58 ; 11.188.599,67 ; 9.678.496,93 ; 11.875.824,92 ; 9.695.525,08 ; -   ; 29.687.902,61 ; 9.424.267,15 ; 9.081.715,63 ; -   ; 14.165.952,00 ; 1.030.848,11 ; -   ; -   ; -   ; -   
;;;;;;;;;;;;;;;;;;;;;;;;;;;;;;;;;;;;;;;;;;;;;;;;;;;;;;;;;;;;;;;;;;;;;;;;;;;;;;;;;;;;;;;;;;;;;;;;;;;;;;;;;;;;;;;;;;;;;;;;;;;;;;;;;;;;;;;;;;;;;;;;;;;;;;;;;;;;;;;;;;;;;;;;;;;;;;;;;;;;;;;;;;;;;;;;;;;;;;;;;;;;;;;;;;;;;;;;;;;;;;;;;;;;;
;;;;;;;;;;;;;;;;;;;;;;;;;;;;;;;;;;;;;;;;;;;;;;;;;;;;;;;;;;;;;;;;;;;;;;;;;;;;;;;;;;;;;;;;;;;;;;;;;;;;;;;;;;;;;;;;;;;;;;;;;;;;;;;;;;;;;;;;;;;;;;;;;;;;;;;;;;;;;;;;;;;;;;;;;;;;;;;;;;;;;;;;;;;;;;;;;;;;;;;;;;;;;;;;;;;;;;;;;;;;;;;;;;;;;
;;;;;;;;;;;;;;;;;;;;;;;;;;;;;;;;;;;;;;;;;;;;;;;;;;;;;;;;;;;;;;;;;;;;;;;;;;;;;;;;;;;;;;;;;;;;;;;;;;;;;;;;;;;;;;;;;;;;;;;;;;;;;;;;;;;;;;;;;;;;;;;;;;;;;;;;;;;;;;;;;;;;;;;;;;;;;;;;;;;;;;;;;;;;;;;;;;;;;;;;;;;;;;;;;;;;;;;;;;;;;;;;;;;;;
;;;;;;;;;;;;;;;;;;;;;;;;;;;;;;;;;;;;;;;;;;;;;;;;;;;;;;;;;;;;;;;;;;;;;;;;;;;;;;;;;;;;;;;;;;;;;;;;;;;;;;;;;;;;;;;;;;;;;;;;;;;;;;;;;;;;;;;;;;;;;;;;;;;;;;;;;;;;;;;;;;;;;;;;;;;;;;;;;;;;;;;;;;;;;;;;;;;;;;;;;;;;;;;;;;;;;;;;;;;;;;;;;;;;;
;;;;;;;;;;;;;;;;;;;;;;;;;;;;;;;;;;;;;;;;;;;;;;;;;;;;;;;;;;;;;;;;;;;;;;;;;;;;;;;;;;;;;;;;;;;;;;;;;;;;;;;;;;;;;;;;;;;;;;;;;;;;;;;;;;;;;;;;;;;;;;;;;;;;;;;;;;;;;;;;;;;;;;;;;;;;;;;;;;;;;;;;;;;;;;;;;;;;;;;;;;;;;;;;;;;;;;;;;;;;;;;;;;;;;
;;;;;;;;;;;;;;;;;;;;;;;;;;;;;;;;;;;;;;;;;;;;;;;;;;;;;;;;;;;;;;;;;;;;;;;;;;;;;;;;;;;;;;;;;;;;;;;;;;;;;;;;;;;;;;;;;;;;;;;;;;;;;;;;;;;;;;;;;;;;;;;;;;;;;;;;;;;;;;;;;;;;;;;;;;;;;;;;;;;;;;;;;;;;;;;;;;;;;;;;;;;;;;;;;;;;;;;;;;;;;;;;;;;;;
;;;;;;;;;;;;;;;;;;;;;;;;;;;;;;;;;;;;;;;;;;;;;;;;;;;;;;;;;;;;;;;;;;;;;;;;;;;;;;;;;;;;;;;;;;;;;;;;;;;;;;;;;;;;;;;;;;;;;;;;;;;;;;;;;;;;;;;;;;;;;;;;;;;;;;;;;;;;;;;;;;;;;;;;;;;;;;;;;;;;;;;;;;;;;;;;;;;;;;;;;;;;;;;;;;;;;;;;;;;;;;;;;;;;;
;;;;;;;;;;;;;;;;;;;;;;;;;;;;;;;;;;;;;;;;;;;;;;;;;;;;;;;;;;;;;;;;;;;;;;;;;;;;;;;;;;;;;;;;;;;;;;;;;;;;;;;;;;;;;;;;;;;;;;;;;;;;;;;;;;;;;;;;;;;;;;;;;;;;;;;;;;;;;;;;;;;;;;;;;;;;;;;;;;;;;;;;;;;;;;;;;;;;;;;;;;;;;;;;;;;;;;;;;;;;;;;;;;;;;
;;;;;;;;;;;;;;;;;;;;;;;;;;;;;;;;;;;;;;;;;;;;;;;;;;;;;;;;;;;;;;;;;;;;;;;;;;;;;;;;;;;;;;;;;;;;;;;;;;;;;;;;;;;;;;;;;;;;;;;;;;;;;;;;;;;;;;;;;;;;;;;;;;;;;;;;;;;;;;;;;;;;;;;;;;;;;;;;;;;;;;;;;;;;;;;;;;;;;;;;;;;;;;;;;;;;;;;;;;;;;;;;;;;;;
;;;;;;;;;;;;;;;;;;;;;;;;;;;;;;;;;;;;;;;;;;;;;;;;;;;;;;;;;;;;;;;;;;;;;;;;;;;;;;;;;;;;;;;;;;;;;;;;;;;;;;;;;;;;;;;;;;;;;;;;;;;;;;;;;;;;;;;;;;;;;;;;;;;;;;;;;;;;;;;;;;;;;;;;;;;;;;;;;;;;;;;;;;;;;;;;;;;;;;;;;;;;;;;;;;;;;;;;;;;;;;;;;;;;;
;;;;;;;;;;;;;;;;;;;;;;;;;;;;;;;;;;;;;;;;;;;;;;;;;;;;;;;;;;;;;;;;;;;;;;;;;;;;;;;;;;;;;;;;;;;;;;;;;;;;;;;;;;;;;;;;;;;;;;;;;;;;;;;;;;;;;;;;;;;;;;;;;;;;;;;;;;;;;;;;;;;;;;;;;;;;;;;;;;;;;;;;;;;;;;;;;;;;;;;;;;;;;;;;;;;;;;;;;;;;;;;;;;;;;
;;;;;;;;;;;;;;;;;;;;;;;;;;;;;;;;;;;;;;;;;;;;;;;;;;;;;;;;;;;;;;;;;;;;;;;;;;;;;;;;;;;;;;;;;;;;;;;;;;;;;;;;;;;;;;;;;;;;;;;;;;;;;;;;;;;;;;;;;;;;;;;;;;;;;;;;;;;;;;;;;;;;;;;;;;;;;;;;;;;;;;;;;;;;;;;;;;;;;;;;;;;;;;;;;;;;;;;;;;;;;;;;;;;;;
;;;;;;;;;;;;;;;;;;;;;;;;;;;;;;;;;;;;;;;;;;;;;;;;;;;;;;;;;;;;;;;;;;;;;;;;;;;;;;;;;;;;;;;;;;;;;;;;;;;;;;;;;;;;;;;;;;;;;;;;;;;;;;;;;;;;;;;;;;;;;;;;;;;;;;;;;;;;;;;;;;;;;;;;;;;;;;;;;;;;;;;;;;;;;;;;;;;;;;;;;;;;;;;;;;;;;;;;;;;;;;;;;;;;;
;;;;;;;;;;;;;;;;;;;;;;;;;;;;;;;;;;;;;;;;;;;;;;;;;;;;;;;;;;;;;;;;;;;;;;;;;;;;;;;;;;;;;;;;;;;;;;;;;;;;;;;;;;;;;;;;;;;;;;;;;;;;;;;;;;;;;;;;;;;;;;;;;;;;;;;;;;;;;;;;;;;;;;;;;;;;;;;;;;;;;;;;;;;;;;;;;;;;;;;;;;;;;;;;;;;;;;;;;;;;;;;;;;;;;
;;;;;;;;;;;;;;;;;;;;;;;;;;;;;;;;;;;;;;;;;;;;;;;;;;;;;;;;;;;;;;;;;;;;;;;;;;;;;;;;;;;;;;;;;;;;;;;;;;;;;;;;;;;;;;;;;;;;;;;;;;;;;;;;;;;;;;;;;;;;;;;;;;;;;;;;;;;;;;;;;;;;;;;;;;;;;;;;;;;;;;;;;;;;;;;;;;;;;;;;;;;;;;;;;;;;;;;;;;;;;;;;;;;;;
;;;;;;;;;;;;;;;;;;;;;;;;;;;;;;;;;;;;;;;;;;;;;;;;;;;;;;;;;;;;;;;;;;;;;;;;;;;;;;;;;;;;;;;;;;;;;;;;;;;;;;;;;;;;;;;;;;;;;;;;;;;;;;;;;;;;;;;;;;;;;;;;;;;;;;;;;;;;;;;;;;;;;;;;;;;;;;;;;;;;;;;;;;;;;;;;;;;;;;;;;;;;;;;;;;;;;;;;;;;;;;;;;;;;;
;;;;;;;;;;;;;;;;;;;;;;;;;;;;;;;;;;;;;;;;;;;;;;;;;;;;;;;;;;;;;;;;;;;;;;;;;;;;;;;;;;;;;;;;;;;;;;;;;;;;;;;;;;;;;;;;;;;;;;;;;;;;;;;;;;;;;;;;;;;;;;;;;;;;;;;;;;;;;;;;;;;;;;;;;;;;;;;;;;;;;;;;;;;;;;;;;;;;;;;;;;;;;;;;;;;;;;;;;;;;;;;;;;;;;
